# path,cls
..\_tiles\T001_01.png_0.png,1
..\_tiles\T001_01.png_1.png,1
..\_tiles\T001_01.png_2.png,1
..\_tiles\T001_01.png_3.png,1
..\_tiles\T001_01.png_4.png,1
..\_tiles\T001_02.png_0.png,1
..\_tiles\T001_02.png_1.png,1
..\_tiles\T001_02.png_2.png,1
..\_tiles\T001_02.png_3.png,1
..\_tiles\T001_02.png_4.png,1
..\_tiles\T001_03.png_0.png,1
..\_tiles\T001_03.png_1.png,1
..\_tiles\T001_03.png_2.png,1
..\_tiles\T001_03.png_3.png,1
..\_tiles\T001_03.png_4.png,1
..\_tiles\T001_04.png_0.png,1
..\_tiles\T001_04.png_1.png,1
..\_tiles\T001_04.png_2.png,1
..\_tiles\T001_04.png_3.png,1
..\_tiles\T001_04.png_4.png,1
..\_tiles\T001_05.png_0.png,1
..\_tiles\T001_05.png_1.png,1
..\_tiles\T001_05.png_2.png,1
..\_tiles\T001_05.png_3.png,1
..\_tiles\T001_05.png_4.png,1
..\_tiles\T010_01.png_0.png,2
..\_tiles\T010_01.png_1.png,2
..\_tiles\T010_01.png_2.png,2
..\_tiles\T010_01.png_3.png,2
..\_tiles\T010_01.png_4.png,2
..\_tiles\T010_02.png_0.png,2
..\_tiles\T010_02.png_1.png,2
..\_tiles\T010_02.png_2.png,2
..\_tiles\T010_02.png_3.png,2
..\_tiles\T010_02.png_4.png,2
..\_tiles\T010_03.png_0.png,2
..\_tiles\T010_03.png_1.png,2
..\_tiles\T010_03.png_2.png,2
..\_tiles\T010_03.png_3.png,2
..\_tiles\T010_03.png_4.png,2
..\_tiles\T010_04.png_0.png,2
..\_tiles\T010_04.png_1.png,2
..\_tiles\T010_04.png_2.png,2
..\_tiles\T010_04.png_3.png,2
..\_tiles\T010_04.png_4.png,2
..\_tiles\T010_05.png_0.png,2
..\_tiles\T010_05.png_1.png,2
..\_tiles\T010_05.png_2.png,2
..\_tiles\T010_05.png_3.png,2
..\_tiles\T010_05.png_4.png,2
..\_tiles\T100_01.png_0.png,3
..\_tiles\T100_01.png_1.png,3
..\_tiles\T100_01.png_2.png,3
..\_tiles\T100_01.png_3.png,3
..\_tiles\T100_01.png_4.png,3
..\_tiles\T100_02.png_0.png,3
..\_tiles\T100_02.png_1.png,3
..\_tiles\T100_02.png_2.png,3
..\_tiles\T100_02.png_3.png,3
..\_tiles\T100_02.png_4.png,3
..\_tiles\T100_03.png_0.png,3
..\_tiles\T100_03.png_1.png,3
..\_tiles\T100_03.png_2.png,3
..\_tiles\T100_03.png_3.png,3
..\_tiles\T100_03.png_4.png,3
..\_tiles\T100_04.png_0.png,3
..\_tiles\T100_04.png_1.png,3
..\_tiles\T100_04.png_2.png,3
..\_tiles\T100_04.png_3.png,3
..\_tiles\T100_04.png_4.png,3
..\_tiles\T100_05.png_0.png,3
..\_tiles\T100_05.png_1.png,3
..\_tiles\T100_05.png_2.png,3
..\_tiles\T100_05.png_3.png,3
..\_tiles\T100_05.png_4.png,3
..\_tiles\T101_01.png_0.png,4
..\_tiles\T101_01.png_1.png,4
..\_tiles\T101_01.png_2.png,4
..\_tiles\T101_01.png_3.png,4
..\_tiles\T101_01.png_4.png,4
..\_tiles\T101_02.png_0.png,4
..\_tiles\T101_02.png_1.png,4
..\_tiles\T101_02.png_2.png,4
..\_tiles\T101_02.png_3.png,4
..\_tiles\T101_02.png_4.png,4
..\_tiles\T101_03.png_0.png,4
..\_tiles\T101_03.png_1.png,4
..\_tiles\T101_03.png_2.png,4
..\_tiles\T101_03.png_3.png,4
..\_tiles\T101_03.png_4.png,4
..\_tiles\T101_04.png_0.png,4
..\_tiles\T101_04.png_1.png,4
..\_tiles\T101_04.png_2.png,4
..\_tiles\T101_04.png_3.png,4
..\_tiles\T101_04.png_4.png,4
..\_tiles\T101_05.png_0.png,4
..\_tiles\T101_05.png_1.png,4
..\_tiles\T101_05.png_2.png,4
..\_tiles\T101_05.png_3.png,4
..\_tiles\T101_05.png_4.png,4
..\_tiles\T102_01.png_0.png,5
..\_tiles\T102_01.png_1.png,5
..\_tiles\T102_01.png_2.png,5
..\_tiles\T102_01.png_3.png,5
..\_tiles\T102_01.png_4.png,5
..\_tiles\T102_02.png_0.png,5
..\_tiles\T102_02.png_1.png,5
..\_tiles\T102_02.png_2.png,5
..\_tiles\T102_02.png_3.png,5
..\_tiles\T102_02.png_4.png,5
..\_tiles\T102_03.png_0.png,5
..\_tiles\T102_03.png_1.png,5
..\_tiles\T102_03.png_2.png,5
..\_tiles\T102_03.png_3.png,5
..\_tiles\T102_03.png_4.png,5
..\_tiles\T102_04.png_0.png,5
..\_tiles\T102_04.png_1.png,5
..\_tiles\T102_04.png_2.png,5
..\_tiles\T102_04.png_3.png,5
..\_tiles\T102_04.png_4.png,5
..\_tiles\T102_05.png_0.png,5
..\_tiles\T102_05.png_1.png,5
..\_tiles\T102_05.png_2.png,5
..\_tiles\T102_05.png_3.png,5
..\_tiles\T102_05.png_4.png,5
..\_tiles\T103_01.png_0.png,6
..\_tiles\T103_01.png_1.png,6
..\_tiles\T103_01.png_2.png,6
..\_tiles\T103_01.png_3.png,6
..\_tiles\T103_01.png_4.png,6
..\_tiles\T103_02.png_0.png,6
..\_tiles\T103_02.png_1.png,6
..\_tiles\T103_02.png_2.png,6
..\_tiles\T103_02.png_3.png,6
..\_tiles\T103_02.png_4.png,6
..\_tiles\T103_03.png_0.png,6
..\_tiles\T103_03.png_1.png,6
..\_tiles\T103_03.png_2.png,6
..\_tiles\T103_03.png_3.png,6
..\_tiles\T103_03.png_4.png,6
..\_tiles\T103_04.png_0.png,6
..\_tiles\T103_04.png_1.png,6
..\_tiles\T103_04.png_2.png,6
..\_tiles\T103_04.png_3.png,6
..\_tiles\T103_04.png_4.png,6
..\_tiles\T103_05.png_0.png,6
..\_tiles\T103_05.png_1.png,6
..\_tiles\T103_05.png_2.png,6
..\_tiles\T103_05.png_3.png,6
..\_tiles\T103_05.png_4.png,6
..\_tiles\T104_01.png_0.png,7
..\_tiles\T104_01.png_1.png,7
..\_tiles\T104_01.png_2.png,7
..\_tiles\T104_01.png_3.png,7
..\_tiles\T104_01.png_4.png,7
..\_tiles\T104_02.png_0.png,7
..\_tiles\T104_02.png_1.png,7
..\_tiles\T104_02.png_2.png,7
..\_tiles\T104_02.png_3.png,7
..\_tiles\T104_02.png_4.png,7
..\_tiles\T104_03.png_0.png,7
..\_tiles\T104_03.png_1.png,7
..\_tiles\T104_03.png_2.png,7
..\_tiles\T104_03.png_3.png,7
..\_tiles\T104_03.png_4.png,7
..\_tiles\T104_04.png_0.png,7
..\_tiles\T104_04.png_1.png,7
..\_tiles\T104_04.png_2.png,7
..\_tiles\T104_04.png_3.png,7
..\_tiles\T104_04.png_4.png,7
..\_tiles\T104_05.png_0.png,7
..\_tiles\T104_05.png_1.png,7
..\_tiles\T104_05.png_2.png,7
..\_tiles\T104_05.png_3.png,7
..\_tiles\T104_05.png_4.png,7
..\_tiles\T105_01.png_0.png,8
..\_tiles\T105_01.png_1.png,8
..\_tiles\T105_01.png_2.png,8
..\_tiles\T105_01.png_3.png,8
..\_tiles\T105_01.png_4.png,8
..\_tiles\T105_02.png_0.png,8
..\_tiles\T105_02.png_1.png,8
..\_tiles\T105_02.png_2.png,8
..\_tiles\T105_02.png_3.png,8
..\_tiles\T105_02.png_4.png,8
..\_tiles\T105_03.png_0.png,8
..\_tiles\T105_03.png_1.png,8
..\_tiles\T105_03.png_2.png,8
..\_tiles\T105_03.png_3.png,8
..\_tiles\T105_03.png_4.png,8
..\_tiles\T105_04.png_0.png,8
..\_tiles\T105_04.png_1.png,8
..\_tiles\T105_04.png_2.png,8
..\_tiles\T105_04.png_3.png,8
..\_tiles\T105_04.png_4.png,8
..\_tiles\T105_05.png_0.png,8
..\_tiles\T105_05.png_1.png,8
..\_tiles\T105_05.png_2.png,8
..\_tiles\T105_05.png_3.png,8
..\_tiles\T105_05.png_4.png,8
..\_tiles\T106_01.png_0.png,9
..\_tiles\T106_01.png_1.png,9
..\_tiles\T106_01.png_2.png,9
..\_tiles\T106_01.png_3.png,9
..\_tiles\T106_01.png_4.png,9
..\_tiles\T106_02.png_0.png,9
..\_tiles\T106_02.png_1.png,9
..\_tiles\T106_02.png_2.png,9
..\_tiles\T106_02.png_3.png,9
..\_tiles\T106_02.png_4.png,9
..\_tiles\T106_03.png_0.png,9
..\_tiles\T106_03.png_1.png,9
..\_tiles\T106_03.png_2.png,9
..\_tiles\T106_03.png_3.png,9
..\_tiles\T106_03.png_4.png,9
..\_tiles\T106_04.png_0.png,9
..\_tiles\T106_04.png_1.png,9
..\_tiles\T106_04.png_2.png,9
..\_tiles\T106_04.png_3.png,9
..\_tiles\T106_04.png_4.png,9
..\_tiles\T106_05.png_0.png,9
..\_tiles\T106_05.png_1.png,9
..\_tiles\T106_05.png_2.png,9
..\_tiles\T106_05.png_3.png,9
..\_tiles\T106_05.png_4.png,9
..\_tiles\T107_01.png_0.png,10
..\_tiles\T107_01.png_1.png,10
..\_tiles\T107_01.png_2.png,10
..\_tiles\T107_01.png_3.png,10
..\_tiles\T107_01.png_4.png,10
..\_tiles\T107_02.png_0.png,10
..\_tiles\T107_02.png_1.png,10
..\_tiles\T107_02.png_2.png,10
..\_tiles\T107_02.png_3.png,10
..\_tiles\T107_02.png_4.png,10
..\_tiles\T107_03.png_0.png,10
..\_tiles\T107_03.png_1.png,10
..\_tiles\T107_03.png_2.png,10
..\_tiles\T107_03.png_3.png,10
..\_tiles\T107_03.png_4.png,10
..\_tiles\T107_04.png_0.png,10
..\_tiles\T107_04.png_1.png,10
..\_tiles\T107_04.png_2.png,10
..\_tiles\T107_04.png_3.png,10
..\_tiles\T107_04.png_4.png,10
..\_tiles\T107_05.png_0.png,10
..\_tiles\T107_05.png_1.png,10
..\_tiles\T107_05.png_2.png,10
..\_tiles\T107_05.png_3.png,10
..\_tiles\T107_05.png_4.png,10
..\_tiles\T108_01.png_0.png,11
..\_tiles\T108_01.png_1.png,11
..\_tiles\T108_01.png_2.png,11
..\_tiles\T108_01.png_3.png,11
..\_tiles\T108_01.png_4.png,11
..\_tiles\T108_02.png_0.png,11
..\_tiles\T108_02.png_1.png,11
..\_tiles\T108_02.png_2.png,11
..\_tiles\T108_02.png_3.png,11
..\_tiles\T108_02.png_4.png,11
..\_tiles\T108_03.png_0.png,11
..\_tiles\T108_03.png_1.png,11
..\_tiles\T108_03.png_2.png,11
..\_tiles\T108_03.png_3.png,11
..\_tiles\T108_03.png_4.png,11
..\_tiles\T108_04.png_0.png,11
..\_tiles\T108_04.png_1.png,11
..\_tiles\T108_04.png_2.png,11
..\_tiles\T108_04.png_3.png,11
..\_tiles\T108_04.png_4.png,11
..\_tiles\T108_05.png_0.png,11
..\_tiles\T108_05.png_1.png,11
..\_tiles\T108_05.png_2.png,11
..\_tiles\T108_05.png_3.png,11
..\_tiles\T108_05.png_4.png,11
..\_tiles\T109_01.png_0.png,12
..\_tiles\T109_01.png_1.png,12
..\_tiles\T109_01.png_2.png,12
..\_tiles\T109_01.png_3.png,12
..\_tiles\T109_01.png_4.png,12
..\_tiles\T109_02.png_0.png,12
..\_tiles\T109_02.png_1.png,12
..\_tiles\T109_02.png_2.png,12
..\_tiles\T109_02.png_3.png,12
..\_tiles\T109_02.png_4.png,12
..\_tiles\T109_03.png_0.png,12
..\_tiles\T109_03.png_1.png,12
..\_tiles\T109_03.png_2.png,12
..\_tiles\T109_03.png_3.png,12
..\_tiles\T109_03.png_4.png,12
..\_tiles\T109_04.png_0.png,12
..\_tiles\T109_04.png_1.png,12
..\_tiles\T109_04.png_2.png,12
..\_tiles\T109_04.png_3.png,12
..\_tiles\T109_04.png_4.png,12
..\_tiles\T109_05.png_0.png,12
..\_tiles\T109_05.png_1.png,12
..\_tiles\T109_05.png_2.png,12
..\_tiles\T109_05.png_3.png,12
..\_tiles\T109_05.png_4.png,12
..\_tiles\T011_01.png_0.png,13
..\_tiles\T011_01.png_1.png,13
..\_tiles\T011_01.png_2.png,13
..\_tiles\T011_01.png_3.png,13
..\_tiles\T011_01.png_4.png,13
..\_tiles\T011_02.png_0.png,13
..\_tiles\T011_02.png_1.png,13
..\_tiles\T011_02.png_2.png,13
..\_tiles\T011_02.png_3.png,13
..\_tiles\T011_02.png_4.png,13
..\_tiles\T011_03.png_0.png,13
..\_tiles\T011_03.png_1.png,13
..\_tiles\T011_03.png_2.png,13
..\_tiles\T011_03.png_3.png,13
..\_tiles\T011_03.png_4.png,13
..\_tiles\T011_04.png_0.png,13
..\_tiles\T011_04.png_1.png,13
..\_tiles\T011_04.png_2.png,13
..\_tiles\T011_04.png_3.png,13
..\_tiles\T011_04.png_4.png,13
..\_tiles\T011_05.png_0.png,13
..\_tiles\T011_05.png_1.png,13
..\_tiles\T011_05.png_2.png,13
..\_tiles\T011_05.png_3.png,13
..\_tiles\T011_05.png_4.png,13
..\_tiles\T110_01.png_0.png,14
..\_tiles\T110_01.png_1.png,14
..\_tiles\T110_01.png_2.png,14
..\_tiles\T110_01.png_3.png,14
..\_tiles\T110_01.png_4.png,14
..\_tiles\T110_02.png_0.png,14
..\_tiles\T110_02.png_1.png,14
..\_tiles\T110_02.png_2.png,14
..\_tiles\T110_02.png_3.png,14
..\_tiles\T110_02.png_4.png,14
..\_tiles\T110_03.png_0.png,14
..\_tiles\T110_03.png_1.png,14
..\_tiles\T110_03.png_2.png,14
..\_tiles\T110_03.png_3.png,14
..\_tiles\T110_03.png_4.png,14
..\_tiles\T110_04.png_0.png,14
..\_tiles\T110_04.png_1.png,14
..\_tiles\T110_04.png_2.png,14
..\_tiles\T110_04.png_3.png,14
..\_tiles\T110_04.png_4.png,14
..\_tiles\T110_05.png_0.png,14
..\_tiles\T110_05.png_1.png,14
..\_tiles\T110_05.png_2.png,14
..\_tiles\T110_05.png_3.png,14
..\_tiles\T110_05.png_4.png,14
..\_tiles\T111_01.png_0.png,15
..\_tiles\T111_01.png_1.png,15
..\_tiles\T111_01.png_2.png,15
..\_tiles\T111_01.png_3.png,15
..\_tiles\T111_01.png_4.png,15
..\_tiles\T111_02.png_0.png,15
..\_tiles\T111_02.png_1.png,15
..\_tiles\T111_02.png_2.png,15
..\_tiles\T111_02.png_3.png,15
..\_tiles\T111_02.png_4.png,15
..\_tiles\T111_03.png_0.png,15
..\_tiles\T111_03.png_1.png,15
..\_tiles\T111_03.png_2.png,15
..\_tiles\T111_03.png_3.png,15
..\_tiles\T111_03.png_4.png,15
..\_tiles\T111_04.png_0.png,15
..\_tiles\T111_04.png_1.png,15
..\_tiles\T111_04.png_2.png,15
..\_tiles\T111_04.png_3.png,15
..\_tiles\T111_04.png_4.png,15
..\_tiles\T111_05.png_0.png,15
..\_tiles\T111_05.png_1.png,15
..\_tiles\T111_05.png_2.png,15
..\_tiles\T111_05.png_3.png,15
..\_tiles\T111_05.png_4.png,15
..\_tiles\T112_01.png_0.png,16
..\_tiles\T112_01.png_1.png,16
..\_tiles\T112_01.png_2.png,16
..\_tiles\T112_01.png_3.png,16
..\_tiles\T112_01.png_4.png,16
..\_tiles\T112_02.png_0.png,16
..\_tiles\T112_02.png_1.png,16
..\_tiles\T112_02.png_2.png,16
..\_tiles\T112_02.png_3.png,16
..\_tiles\T112_02.png_4.png,16
..\_tiles\T112_03.png_0.png,16
..\_tiles\T112_03.png_1.png,16
..\_tiles\T112_03.png_2.png,16
..\_tiles\T112_03.png_3.png,16
..\_tiles\T112_03.png_4.png,16
..\_tiles\T112_04.png_0.png,16
..\_tiles\T112_04.png_1.png,16
..\_tiles\T112_04.png_2.png,16
..\_tiles\T112_04.png_3.png,16
..\_tiles\T112_04.png_4.png,16
..\_tiles\T112_05.png_0.png,16
..\_tiles\T112_05.png_1.png,16
..\_tiles\T112_05.png_2.png,16
..\_tiles\T112_05.png_3.png,16
..\_tiles\T112_05.png_4.png,16
..\_tiles\T012_01.png_0.png,17
..\_tiles\T012_01.png_1.png,17
..\_tiles\T012_01.png_2.png,17
..\_tiles\T012_01.png_3.png,17
..\_tiles\T012_01.png_4.png,17
..\_tiles\T012_02.png_0.png,17
..\_tiles\T012_02.png_1.png,17
..\_tiles\T012_02.png_2.png,17
..\_tiles\T012_02.png_3.png,17
..\_tiles\T012_02.png_4.png,17
..\_tiles\T012_03.png_0.png,17
..\_tiles\T012_03.png_1.png,17
..\_tiles\T012_03.png_2.png,17
..\_tiles\T012_03.png_3.png,17
..\_tiles\T012_03.png_4.png,17
..\_tiles\T012_04.png_0.png,17
..\_tiles\T012_04.png_1.png,17
..\_tiles\T012_04.png_2.png,17
..\_tiles\T012_04.png_3.png,17
..\_tiles\T012_04.png_4.png,17
..\_tiles\T012_05.png_0.png,17
..\_tiles\T012_05.png_1.png,17
..\_tiles\T012_05.png_2.png,17
..\_tiles\T012_05.png_3.png,17
..\_tiles\T012_05.png_4.png,17
..\_tiles\T013_01.png_0.png,18
..\_tiles\T013_01.png_1.png,18
..\_tiles\T013_01.png_2.png,18
..\_tiles\T013_01.png_3.png,18
..\_tiles\T013_01.png_4.png,18
..\_tiles\T013_02.png_0.png,18
..\_tiles\T013_02.png_1.png,18
..\_tiles\T013_02.png_2.png,18
..\_tiles\T013_02.png_3.png,18
..\_tiles\T013_02.png_4.png,18
..\_tiles\T013_03.png_0.png,18
..\_tiles\T013_03.png_1.png,18
..\_tiles\T013_03.png_2.png,18
..\_tiles\T013_03.png_3.png,18
..\_tiles\T013_03.png_4.png,18
..\_tiles\T013_04.png_0.png,18
..\_tiles\T013_04.png_1.png,18
..\_tiles\T013_04.png_2.png,18
..\_tiles\T013_04.png_3.png,18
..\_tiles\T013_04.png_4.png,18
..\_tiles\T013_05.png_0.png,18
..\_tiles\T013_05.png_1.png,18
..\_tiles\T013_05.png_2.png,18
..\_tiles\T013_05.png_3.png,18
..\_tiles\T013_05.png_4.png,18
..\_tiles\T014_01.png_0.png,19
..\_tiles\T014_01.png_1.png,19
..\_tiles\T014_01.png_2.png,19
..\_tiles\T014_01.png_3.png,19
..\_tiles\T014_01.png_4.png,19
..\_tiles\T014_02.png_0.png,19
..\_tiles\T014_02.png_1.png,19
..\_tiles\T014_02.png_2.png,19
..\_tiles\T014_02.png_3.png,19
..\_tiles\T014_02.png_4.png,19
..\_tiles\T014_03.png_0.png,19
..\_tiles\T014_03.png_1.png,19
..\_tiles\T014_03.png_2.png,19
..\_tiles\T014_03.png_3.png,19
..\_tiles\T014_03.png_4.png,19
..\_tiles\T014_04.png_0.png,19
..\_tiles\T014_04.png_1.png,19
..\_tiles\T014_04.png_2.png,19
..\_tiles\T014_04.png_3.png,19
..\_tiles\T014_04.png_4.png,19
..\_tiles\T014_05.png_0.png,19
..\_tiles\T014_05.png_1.png,19
..\_tiles\T014_05.png_2.png,19
..\_tiles\T014_05.png_3.png,19
..\_tiles\T014_05.png_4.png,19
..\_tiles\T015_01.png_0.png,20
..\_tiles\T015_01.png_1.png,20
..\_tiles\T015_01.png_2.png,20
..\_tiles\T015_01.png_3.png,20
..\_tiles\T015_01.png_4.png,20
..\_tiles\T015_02.png_0.png,20
..\_tiles\T015_02.png_1.png,20
..\_tiles\T015_02.png_2.png,20
..\_tiles\T015_02.png_3.png,20
..\_tiles\T015_02.png_4.png,20
..\_tiles\T015_03.png_0.png,20
..\_tiles\T015_03.png_1.png,20
..\_tiles\T015_03.png_2.png,20
..\_tiles\T015_03.png_3.png,20
..\_tiles\T015_03.png_4.png,20
..\_tiles\T015_04.png_0.png,20
..\_tiles\T015_04.png_1.png,20
..\_tiles\T015_04.png_2.png,20
..\_tiles\T015_04.png_3.png,20
..\_tiles\T015_04.png_4.png,20
..\_tiles\T015_05.png_0.png,20
..\_tiles\T015_05.png_1.png,20
..\_tiles\T015_05.png_2.png,20
..\_tiles\T015_05.png_3.png,20
..\_tiles\T015_05.png_4.png,20
..\_tiles\T016_01.png_0.png,21
..\_tiles\T016_01.png_1.png,21
..\_tiles\T016_01.png_2.png,21
..\_tiles\T016_01.png_3.png,21
..\_tiles\T016_01.png_4.png,21
..\_tiles\T016_02.png_0.png,21
..\_tiles\T016_02.png_1.png,21
..\_tiles\T016_02.png_2.png,21
..\_tiles\T016_02.png_3.png,21
..\_tiles\T016_02.png_4.png,21
..\_tiles\T016_03.png_0.png,21
..\_tiles\T016_03.png_1.png,21
..\_tiles\T016_03.png_2.png,21
..\_tiles\T016_03.png_3.png,21
..\_tiles\T016_03.png_4.png,21
..\_tiles\T016_04.png_0.png,21
..\_tiles\T016_04.png_1.png,21
..\_tiles\T016_04.png_2.png,21
..\_tiles\T016_04.png_3.png,21
..\_tiles\T016_04.png_4.png,21
..\_tiles\T016_05.png_0.png,21
..\_tiles\T016_05.png_1.png,21
..\_tiles\T016_05.png_2.png,21
..\_tiles\T016_05.png_3.png,21
..\_tiles\T016_05.png_4.png,21
..\_tiles\T017_01.png_0.png,22
..\_tiles\T017_01.png_1.png,22
..\_tiles\T017_01.png_2.png,22
..\_tiles\T017_01.png_3.png,22
..\_tiles\T017_01.png_4.png,22
..\_tiles\T017_02.png_0.png,22
..\_tiles\T017_02.png_1.png,22
..\_tiles\T017_02.png_2.png,22
..\_tiles\T017_02.png_3.png,22
..\_tiles\T017_02.png_4.png,22
..\_tiles\T017_03.png_0.png,22
..\_tiles\T017_03.png_1.png,22
..\_tiles\T017_03.png_2.png,22
..\_tiles\T017_03.png_3.png,22
..\_tiles\T017_03.png_4.png,22
..\_tiles\T017_04.png_0.png,22
..\_tiles\T017_04.png_1.png,22
..\_tiles\T017_04.png_2.png,22
..\_tiles\T017_04.png_3.png,22
..\_tiles\T017_04.png_4.png,22
..\_tiles\T017_05.png_0.png,22
..\_tiles\T017_05.png_1.png,22
..\_tiles\T017_05.png_2.png,22
..\_tiles\T017_05.png_3.png,22
..\_tiles\T017_05.png_4.png,22
..\_tiles\T018_01.png_0.png,23
..\_tiles\T018_01.png_1.png,23
..\_tiles\T018_01.png_2.png,23
..\_tiles\T018_01.png_3.png,23
..\_tiles\T018_01.png_4.png,23
..\_tiles\T018_02.png_0.png,23
..\_tiles\T018_02.png_1.png,23
..\_tiles\T018_02.png_2.png,23
..\_tiles\T018_02.png_3.png,23
..\_tiles\T018_02.png_4.png,23
..\_tiles\T018_03.png_0.png,23
..\_tiles\T018_03.png_1.png,23
..\_tiles\T018_03.png_2.png,23
..\_tiles\T018_03.png_3.png,23
..\_tiles\T018_03.png_4.png,23
..\_tiles\T018_04.png_0.png,23
..\_tiles\T018_04.png_1.png,23
..\_tiles\T018_04.png_2.png,23
..\_tiles\T018_04.png_3.png,23
..\_tiles\T018_04.png_4.png,23
..\_tiles\T018_05.png_0.png,23
..\_tiles\T018_05.png_1.png,23
..\_tiles\T018_05.png_2.png,23
..\_tiles\T018_05.png_3.png,23
..\_tiles\T018_05.png_4.png,23
..\_tiles\T019_01.png_0.png,24
..\_tiles\T019_01.png_1.png,24
..\_tiles\T019_01.png_2.png,24
..\_tiles\T019_01.png_3.png,24
..\_tiles\T019_01.png_4.png,24
..\_tiles\T019_02.png_0.png,24
..\_tiles\T019_02.png_1.png,24
..\_tiles\T019_02.png_2.png,24
..\_tiles\T019_02.png_3.png,24
..\_tiles\T019_02.png_4.png,24
..\_tiles\T019_03.png_0.png,24
..\_tiles\T019_03.png_1.png,24
..\_tiles\T019_03.png_2.png,24
..\_tiles\T019_03.png_3.png,24
..\_tiles\T019_03.png_4.png,24
..\_tiles\T019_04.png_0.png,24
..\_tiles\T019_04.png_1.png,24
..\_tiles\T019_04.png_2.png,24
..\_tiles\T019_04.png_3.png,24
..\_tiles\T019_04.png_4.png,24
..\_tiles\T019_05.png_0.png,24
..\_tiles\T019_05.png_1.png,24
..\_tiles\T019_05.png_2.png,24
..\_tiles\T019_05.png_3.png,24
..\_tiles\T019_05.png_4.png,24
..\_tiles\T002_01.png_0.png,25
..\_tiles\T002_01.png_1.png,25
..\_tiles\T002_01.png_2.png,25
..\_tiles\T002_01.png_3.png,25
..\_tiles\T002_01.png_4.png,25
..\_tiles\T002_02.png_0.png,25
..\_tiles\T002_02.png_1.png,25
..\_tiles\T002_02.png_2.png,25
..\_tiles\T002_02.png_3.png,25
..\_tiles\T002_02.png_4.png,25
..\_tiles\T002_03.png_0.png,25
..\_tiles\T002_03.png_1.png,25
..\_tiles\T002_03.png_2.png,25
..\_tiles\T002_03.png_3.png,25
..\_tiles\T002_03.png_4.png,25
..\_tiles\T002_04.png_0.png,25
..\_tiles\T002_04.png_1.png,25
..\_tiles\T002_04.png_2.png,25
..\_tiles\T002_04.png_3.png,25
..\_tiles\T002_04.png_4.png,25
..\_tiles\T002_05.png_0.png,25
..\_tiles\T002_05.png_1.png,25
..\_tiles\T002_05.png_2.png,25
..\_tiles\T002_05.png_3.png,25
..\_tiles\T002_05.png_4.png,25
..\_tiles\T020_01.png_0.png,26
..\_tiles\T020_01.png_1.png,26
..\_tiles\T020_01.png_2.png,26
..\_tiles\T020_01.png_3.png,26
..\_tiles\T020_01.png_4.png,26
..\_tiles\T020_02.png_0.png,26
..\_tiles\T020_02.png_1.png,26
..\_tiles\T020_02.png_2.png,26
..\_tiles\T020_02.png_3.png,26
..\_tiles\T020_02.png_4.png,26
..\_tiles\T020_03.png_0.png,26
..\_tiles\T020_03.png_1.png,26
..\_tiles\T020_03.png_2.png,26
..\_tiles\T020_03.png_3.png,26
..\_tiles\T020_03.png_4.png,26
..\_tiles\T020_04.png_0.png,26
..\_tiles\T020_04.png_1.png,26
..\_tiles\T020_04.png_2.png,26
..\_tiles\T020_04.png_3.png,26
..\_tiles\T020_04.png_4.png,26
..\_tiles\T020_05.png_0.png,26
..\_tiles\T020_05.png_1.png,26
..\_tiles\T020_05.png_2.png,26
..\_tiles\T020_05.png_3.png,26
..\_tiles\T020_05.png_4.png,26
..\_tiles\T021_01.png_0.png,27
..\_tiles\T021_01.png_1.png,27
..\_tiles\T021_01.png_2.png,27
..\_tiles\T021_01.png_3.png,27
..\_tiles\T021_01.png_4.png,27
..\_tiles\T021_02.png_0.png,27
..\_tiles\T021_02.png_1.png,27
..\_tiles\T021_02.png_2.png,27
..\_tiles\T021_02.png_3.png,27
..\_tiles\T021_02.png_4.png,27
..\_tiles\T021_03.png_0.png,27
..\_tiles\T021_03.png_1.png,27
..\_tiles\T021_03.png_2.png,27
..\_tiles\T021_03.png_3.png,27
..\_tiles\T021_03.png_4.png,27
..\_tiles\T021_04.png_0.png,27
..\_tiles\T021_04.png_1.png,27
..\_tiles\T021_04.png_2.png,27
..\_tiles\T021_04.png_3.png,27
..\_tiles\T021_04.png_4.png,27
..\_tiles\T021_05.png_0.png,27
..\_tiles\T021_05.png_1.png,27
..\_tiles\T021_05.png_2.png,27
..\_tiles\T021_05.png_3.png,27
..\_tiles\T021_05.png_4.png,27
..\_tiles\T022_01.png_0.png,28
..\_tiles\T022_01.png_1.png,28
..\_tiles\T022_01.png_2.png,28
..\_tiles\T022_01.png_3.png,28
..\_tiles\T022_01.png_4.png,28
..\_tiles\T022_02.png_0.png,28
..\_tiles\T022_02.png_1.png,28
..\_tiles\T022_02.png_2.png,28
..\_tiles\T022_02.png_3.png,28
..\_tiles\T022_02.png_4.png,28
..\_tiles\T022_03.png_0.png,28
..\_tiles\T022_03.png_1.png,28
..\_tiles\T022_03.png_2.png,28
..\_tiles\T022_03.png_3.png,28
..\_tiles\T022_03.png_4.png,28
..\_tiles\T022_04.png_0.png,28
..\_tiles\T022_04.png_1.png,28
..\_tiles\T022_04.png_2.png,28
..\_tiles\T022_04.png_3.png,28
..\_tiles\T022_04.png_4.png,28
..\_tiles\T022_05.png_0.png,28
..\_tiles\T022_05.png_1.png,28
..\_tiles\T022_05.png_2.png,28
..\_tiles\T022_05.png_3.png,28
..\_tiles\T022_05.png_4.png,28
..\_tiles\T023_01.png_0.png,29
..\_tiles\T023_01.png_1.png,29
..\_tiles\T023_01.png_2.png,29
..\_tiles\T023_01.png_3.png,29
..\_tiles\T023_01.png_4.png,29
..\_tiles\T023_02.png_0.png,29
..\_tiles\T023_02.png_1.png,29
..\_tiles\T023_02.png_2.png,29
..\_tiles\T023_02.png_3.png,29
..\_tiles\T023_02.png_4.png,29
..\_tiles\T023_03.png_0.png,29
..\_tiles\T023_03.png_1.png,29
..\_tiles\T023_03.png_2.png,29
..\_tiles\T023_03.png_3.png,29
..\_tiles\T023_03.png_4.png,29
..\_tiles\T023_04.png_0.png,29
..\_tiles\T023_04.png_1.png,29
..\_tiles\T023_04.png_2.png,29
..\_tiles\T023_04.png_3.png,29
..\_tiles\T023_04.png_4.png,29
..\_tiles\T023_05.png_0.png,29
..\_tiles\T023_05.png_1.png,29
..\_tiles\T023_05.png_2.png,29
..\_tiles\T023_05.png_3.png,29
..\_tiles\T023_05.png_4.png,29
..\_tiles\T024_01.png_0.png,30
..\_tiles\T024_01.png_1.png,30
..\_tiles\T024_01.png_2.png,30
..\_tiles\T024_01.png_3.png,30
..\_tiles\T024_01.png_4.png,30
..\_tiles\T024_02.png_0.png,30
..\_tiles\T024_02.png_1.png,30
..\_tiles\T024_02.png_2.png,30
..\_tiles\T024_02.png_3.png,30
..\_tiles\T024_02.png_4.png,30
..\_tiles\T024_03.png_0.png,30
..\_tiles\T024_03.png_1.png,30
..\_tiles\T024_03.png_2.png,30
..\_tiles\T024_03.png_3.png,30
..\_tiles\T024_03.png_4.png,30
..\_tiles\T024_04.png_0.png,30
..\_tiles\T024_04.png_1.png,30
..\_tiles\T024_04.png_2.png,30
..\_tiles\T024_04.png_3.png,30
..\_tiles\T024_04.png_4.png,30
..\_tiles\T024_05.png_0.png,30
..\_tiles\T024_05.png_1.png,30
..\_tiles\T024_05.png_2.png,30
..\_tiles\T024_05.png_3.png,30
..\_tiles\T024_05.png_4.png,30
..\_tiles\T025_01.png_0.png,31
..\_tiles\T025_01.png_1.png,31
..\_tiles\T025_01.png_2.png,31
..\_tiles\T025_01.png_3.png,31
..\_tiles\T025_01.png_4.png,31
..\_tiles\T025_02.png_0.png,31
..\_tiles\T025_02.png_1.png,31
..\_tiles\T025_02.png_2.png,31
..\_tiles\T025_02.png_3.png,31
..\_tiles\T025_02.png_4.png,31
..\_tiles\T025_03.png_0.png,31
..\_tiles\T025_03.png_1.png,31
..\_tiles\T025_03.png_2.png,31
..\_tiles\T025_03.png_3.png,31
..\_tiles\T025_03.png_4.png,31
..\_tiles\T025_04.png_0.png,31
..\_tiles\T025_04.png_1.png,31
..\_tiles\T025_04.png_2.png,31
..\_tiles\T025_04.png_3.png,31
..\_tiles\T025_04.png_4.png,31
..\_tiles\T025_05.png_0.png,31
..\_tiles\T025_05.png_1.png,31
..\_tiles\T025_05.png_2.png,31
..\_tiles\T025_05.png_3.png,31
..\_tiles\T025_05.png_4.png,31
..\_tiles\T026_01.png_0.png,32
..\_tiles\T026_01.png_1.png,32
..\_tiles\T026_01.png_2.png,32
..\_tiles\T026_01.png_3.png,32
..\_tiles\T026_01.png_4.png,32
..\_tiles\T026_02.png_0.png,32
..\_tiles\T026_02.png_1.png,32
..\_tiles\T026_02.png_2.png,32
..\_tiles\T026_02.png_3.png,32
..\_tiles\T026_02.png_4.png,32
..\_tiles\T026_03.png_0.png,32
..\_tiles\T026_03.png_1.png,32
..\_tiles\T026_03.png_2.png,32
..\_tiles\T026_03.png_3.png,32
..\_tiles\T026_03.png_4.png,32
..\_tiles\T026_04.png_0.png,32
..\_tiles\T026_04.png_1.png,32
..\_tiles\T026_04.png_2.png,32
..\_tiles\T026_04.png_3.png,32
..\_tiles\T026_04.png_4.png,32
..\_tiles\T026_05.png_0.png,32
..\_tiles\T026_05.png_1.png,32
..\_tiles\T026_05.png_2.png,32
..\_tiles\T026_05.png_3.png,32
..\_tiles\T026_05.png_4.png,32
..\_tiles\T027_01.png_0.png,33
..\_tiles\T027_01.png_1.png,33
..\_tiles\T027_01.png_2.png,33
..\_tiles\T027_01.png_3.png,33
..\_tiles\T027_01.png_4.png,33
..\_tiles\T027_02.png_0.png,33
..\_tiles\T027_02.png_1.png,33
..\_tiles\T027_02.png_2.png,33
..\_tiles\T027_02.png_3.png,33
..\_tiles\T027_02.png_4.png,33
..\_tiles\T027_03.png_0.png,33
..\_tiles\T027_03.png_1.png,33
..\_tiles\T027_03.png_2.png,33
..\_tiles\T027_03.png_3.png,33
..\_tiles\T027_03.png_4.png,33
..\_tiles\T027_04.png_0.png,33
..\_tiles\T027_04.png_1.png,33
..\_tiles\T027_04.png_2.png,33
..\_tiles\T027_04.png_3.png,33
..\_tiles\T027_04.png_4.png,33
..\_tiles\T027_05.png_0.png,33
..\_tiles\T027_05.png_1.png,33
..\_tiles\T027_05.png_2.png,33
..\_tiles\T027_05.png_3.png,33
..\_tiles\T027_05.png_4.png,33
..\_tiles\T028_01.png_0.png,34
..\_tiles\T028_01.png_1.png,34
..\_tiles\T028_01.png_2.png,34
..\_tiles\T028_01.png_3.png,34
..\_tiles\T028_01.png_4.png,34
..\_tiles\T028_02.png_0.png,34
..\_tiles\T028_02.png_1.png,34
..\_tiles\T028_02.png_2.png,34
..\_tiles\T028_02.png_3.png,34
..\_tiles\T028_02.png_4.png,34
..\_tiles\T028_03.png_0.png,34
..\_tiles\T028_03.png_1.png,34
..\_tiles\T028_03.png_2.png,34
..\_tiles\T028_03.png_3.png,34
..\_tiles\T028_03.png_4.png,34
..\_tiles\T028_04.png_0.png,34
..\_tiles\T028_04.png_1.png,34
..\_tiles\T028_04.png_2.png,34
..\_tiles\T028_04.png_3.png,34
..\_tiles\T028_04.png_4.png,34
..\_tiles\T028_05.png_0.png,34
..\_tiles\T028_05.png_1.png,34
..\_tiles\T028_05.png_2.png,34
..\_tiles\T028_05.png_3.png,34
..\_tiles\T028_05.png_4.png,34
..\_tiles\T029_01.png_0.png,35
..\_tiles\T029_01.png_1.png,35
..\_tiles\T029_01.png_2.png,35
..\_tiles\T029_01.png_3.png,35
..\_tiles\T029_01.png_4.png,35
..\_tiles\T029_02.png_0.png,35
..\_tiles\T029_02.png_1.png,35
..\_tiles\T029_02.png_2.png,35
..\_tiles\T029_02.png_3.png,35
..\_tiles\T029_02.png_4.png,35
..\_tiles\T029_03.png_0.png,35
..\_tiles\T029_03.png_1.png,35
..\_tiles\T029_03.png_2.png,35
..\_tiles\T029_03.png_3.png,35
..\_tiles\T029_03.png_4.png,35
..\_tiles\T029_04.png_0.png,35
..\_tiles\T029_04.png_1.png,35
..\_tiles\T029_04.png_2.png,35
..\_tiles\T029_04.png_3.png,35
..\_tiles\T029_04.png_4.png,35
..\_tiles\T029_05.png_0.png,35
..\_tiles\T029_05.png_1.png,35
..\_tiles\T029_05.png_2.png,35
..\_tiles\T029_05.png_3.png,35
..\_tiles\T029_05.png_4.png,35
..\_tiles\T003_01.png_0.png,36
..\_tiles\T003_01.png_1.png,36
..\_tiles\T003_01.png_2.png,36
..\_tiles\T003_01.png_3.png,36
..\_tiles\T003_01.png_4.png,36
..\_tiles\T003_02.png_0.png,36
..\_tiles\T003_02.png_1.png,36
..\_tiles\T003_02.png_2.png,36
..\_tiles\T003_02.png_3.png,36
..\_tiles\T003_02.png_4.png,36
..\_tiles\T003_03.png_0.png,36
..\_tiles\T003_03.png_1.png,36
..\_tiles\T003_03.png_2.png,36
..\_tiles\T003_03.png_3.png,36
..\_tiles\T003_03.png_4.png,36
..\_tiles\T003_04.png_0.png,36
..\_tiles\T003_04.png_1.png,36
..\_tiles\T003_04.png_2.png,36
..\_tiles\T003_04.png_3.png,36
..\_tiles\T003_04.png_4.png,36
..\_tiles\T003_05.png_0.png,36
..\_tiles\T003_05.png_1.png,36
..\_tiles\T003_05.png_2.png,36
..\_tiles\T003_05.png_3.png,36
..\_tiles\T003_05.png_4.png,36
..\_tiles\T030_01.png_0.png,37
..\_tiles\T030_01.png_1.png,37
..\_tiles\T030_01.png_2.png,37
..\_tiles\T030_01.png_3.png,37
..\_tiles\T030_01.png_4.png,37
..\_tiles\T030_02.png_0.png,37
..\_tiles\T030_02.png_1.png,37
..\_tiles\T030_02.png_2.png,37
..\_tiles\T030_02.png_3.png,37
..\_tiles\T030_02.png_4.png,37
..\_tiles\T030_03.png_0.png,37
..\_tiles\T030_03.png_1.png,37
..\_tiles\T030_03.png_2.png,37
..\_tiles\T030_03.png_3.png,37
..\_tiles\T030_03.png_4.png,37
..\_tiles\T030_04.png_0.png,37
..\_tiles\T030_04.png_1.png,37
..\_tiles\T030_04.png_2.png,37
..\_tiles\T030_04.png_3.png,37
..\_tiles\T030_04.png_4.png,37
..\_tiles\T030_05.png_0.png,37
..\_tiles\T030_05.png_1.png,37
..\_tiles\T030_05.png_2.png,37
..\_tiles\T030_05.png_3.png,37
..\_tiles\T030_05.png_4.png,37
..\_tiles\T031_01.png_0.png,38
..\_tiles\T031_01.png_1.png,38
..\_tiles\T031_01.png_2.png,38
..\_tiles\T031_01.png_3.png,38
..\_tiles\T031_01.png_4.png,38
..\_tiles\T031_02.png_0.png,38
..\_tiles\T031_02.png_1.png,38
..\_tiles\T031_02.png_2.png,38
..\_tiles\T031_02.png_3.png,38
..\_tiles\T031_02.png_4.png,38
..\_tiles\T031_03.png_0.png,38
..\_tiles\T031_03.png_1.png,38
..\_tiles\T031_03.png_2.png,38
..\_tiles\T031_03.png_3.png,38
..\_tiles\T031_03.png_4.png,38
..\_tiles\T031_04.png_0.png,38
..\_tiles\T031_04.png_1.png,38
..\_tiles\T031_04.png_2.png,38
..\_tiles\T031_04.png_3.png,38
..\_tiles\T031_04.png_4.png,38
..\_tiles\T031_05.png_0.png,38
..\_tiles\T031_05.png_1.png,38
..\_tiles\T031_05.png_2.png,38
..\_tiles\T031_05.png_3.png,38
..\_tiles\T031_05.png_4.png,38
..\_tiles\T032_01.png_0.png,39
..\_tiles\T032_01.png_1.png,39
..\_tiles\T032_01.png_2.png,39
..\_tiles\T032_01.png_3.png,39
..\_tiles\T032_01.png_4.png,39
..\_tiles\T032_02.png_0.png,39
..\_tiles\T032_02.png_1.png,39
..\_tiles\T032_02.png_2.png,39
..\_tiles\T032_02.png_3.png,39
..\_tiles\T032_02.png_4.png,39
..\_tiles\T032_03.png_0.png,39
..\_tiles\T032_03.png_1.png,39
..\_tiles\T032_03.png_2.png,39
..\_tiles\T032_03.png_3.png,39
..\_tiles\T032_03.png_4.png,39
..\_tiles\T032_04.png_0.png,39
..\_tiles\T032_04.png_1.png,39
..\_tiles\T032_04.png_2.png,39
..\_tiles\T032_04.png_3.png,39
..\_tiles\T032_04.png_4.png,39
..\_tiles\T032_05.png_0.png,39
..\_tiles\T032_05.png_1.png,39
..\_tiles\T032_05.png_2.png,39
..\_tiles\T032_05.png_3.png,39
..\_tiles\T032_05.png_4.png,39
..\_tiles\T033_01.png_0.png,40
..\_tiles\T033_01.png_1.png,40
..\_tiles\T033_01.png_2.png,40
..\_tiles\T033_01.png_3.png,40
..\_tiles\T033_01.png_4.png,40
..\_tiles\T033_02.png_0.png,40
..\_tiles\T033_02.png_1.png,40
..\_tiles\T033_02.png_2.png,40
..\_tiles\T033_02.png_3.png,40
..\_tiles\T033_02.png_4.png,40
..\_tiles\T033_03.png_0.png,40
..\_tiles\T033_03.png_1.png,40
..\_tiles\T033_03.png_2.png,40
..\_tiles\T033_03.png_3.png,40
..\_tiles\T033_03.png_4.png,40
..\_tiles\T033_04.png_0.png,40
..\_tiles\T033_04.png_1.png,40
..\_tiles\T033_04.png_2.png,40
..\_tiles\T033_04.png_3.png,40
..\_tiles\T033_04.png_4.png,40
..\_tiles\T033_05.png_0.png,40
..\_tiles\T033_05.png_1.png,40
..\_tiles\T033_05.png_2.png,40
..\_tiles\T033_05.png_3.png,40
..\_tiles\T033_05.png_4.png,40
..\_tiles\T034_01.png_0.png,41
..\_tiles\T034_01.png_1.png,41
..\_tiles\T034_01.png_2.png,41
..\_tiles\T034_01.png_3.png,41
..\_tiles\T034_01.png_4.png,41
..\_tiles\T034_02.png_0.png,41
..\_tiles\T034_02.png_1.png,41
..\_tiles\T034_02.png_2.png,41
..\_tiles\T034_02.png_3.png,41
..\_tiles\T034_02.png_4.png,41
..\_tiles\T034_03.png_0.png,41
..\_tiles\T034_03.png_1.png,41
..\_tiles\T034_03.png_2.png,41
..\_tiles\T034_03.png_3.png,41
..\_tiles\T034_03.png_4.png,41
..\_tiles\T034_04.png_0.png,41
..\_tiles\T034_04.png_1.png,41
..\_tiles\T034_04.png_2.png,41
..\_tiles\T034_04.png_3.png,41
..\_tiles\T034_04.png_4.png,41
..\_tiles\T034_05.png_0.png,41
..\_tiles\T034_05.png_1.png,41
..\_tiles\T034_05.png_2.png,41
..\_tiles\T034_05.png_3.png,41
..\_tiles\T034_05.png_4.png,41
..\_tiles\T035_01.png_0.png,42
..\_tiles\T035_01.png_1.png,42
..\_tiles\T035_01.png_2.png,42
..\_tiles\T035_01.png_3.png,42
..\_tiles\T035_01.png_4.png,42
..\_tiles\T035_02.png_0.png,42
..\_tiles\T035_02.png_1.png,42
..\_tiles\T035_02.png_2.png,42
..\_tiles\T035_02.png_3.png,42
..\_tiles\T035_02.png_4.png,42
..\_tiles\T035_03.png_0.png,42
..\_tiles\T035_03.png_1.png,42
..\_tiles\T035_03.png_2.png,42
..\_tiles\T035_03.png_3.png,42
..\_tiles\T035_03.png_4.png,42
..\_tiles\T035_04.png_0.png,42
..\_tiles\T035_04.png_1.png,42
..\_tiles\T035_04.png_2.png,42
..\_tiles\T035_04.png_3.png,42
..\_tiles\T035_04.png_4.png,42
..\_tiles\T035_05.png_0.png,42
..\_tiles\T035_05.png_1.png,42
..\_tiles\T035_05.png_2.png,42
..\_tiles\T035_05.png_3.png,42
..\_tiles\T035_05.png_4.png,42
..\_tiles\T036_01.png_0.png,43
..\_tiles\T036_01.png_1.png,43
..\_tiles\T036_01.png_2.png,43
..\_tiles\T036_01.png_3.png,43
..\_tiles\T036_01.png_4.png,43
..\_tiles\T036_02.png_0.png,43
..\_tiles\T036_02.png_1.png,43
..\_tiles\T036_02.png_2.png,43
..\_tiles\T036_02.png_3.png,43
..\_tiles\T036_02.png_4.png,43
..\_tiles\T036_03.png_0.png,43
..\_tiles\T036_03.png_1.png,43
..\_tiles\T036_03.png_2.png,43
..\_tiles\T036_03.png_3.png,43
..\_tiles\T036_03.png_4.png,43
..\_tiles\T036_04.png_0.png,43
..\_tiles\T036_04.png_1.png,43
..\_tiles\T036_04.png_2.png,43
..\_tiles\T036_04.png_3.png,43
..\_tiles\T036_04.png_4.png,43
..\_tiles\T036_05.png_0.png,43
..\_tiles\T036_05.png_1.png,43
..\_tiles\T036_05.png_2.png,43
..\_tiles\T036_05.png_3.png,43
..\_tiles\T036_05.png_4.png,43
..\_tiles\T037_01.png_0.png,44
..\_tiles\T037_01.png_1.png,44
..\_tiles\T037_01.png_2.png,44
..\_tiles\T037_01.png_3.png,44
..\_tiles\T037_01.png_4.png,44
..\_tiles\T037_02.png_0.png,44
..\_tiles\T037_02.png_1.png,44
..\_tiles\T037_02.png_2.png,44
..\_tiles\T037_02.png_3.png,44
..\_tiles\T037_02.png_4.png,44
..\_tiles\T037_03.png_0.png,44
..\_tiles\T037_03.png_1.png,44
..\_tiles\T037_03.png_2.png,44
..\_tiles\T037_03.png_3.png,44
..\_tiles\T037_03.png_4.png,44
..\_tiles\T037_04.png_0.png,44
..\_tiles\T037_04.png_1.png,44
..\_tiles\T037_04.png_2.png,44
..\_tiles\T037_04.png_3.png,44
..\_tiles\T037_04.png_4.png,44
..\_tiles\T037_05.png_0.png,44
..\_tiles\T037_05.png_1.png,44
..\_tiles\T037_05.png_2.png,44
..\_tiles\T037_05.png_3.png,44
..\_tiles\T037_05.png_4.png,44
..\_tiles\T038_01.png_0.png,45
..\_tiles\T038_01.png_1.png,45
..\_tiles\T038_01.png_2.png,45
..\_tiles\T038_01.png_3.png,45
..\_tiles\T038_01.png_4.png,45
..\_tiles\T038_02.png_0.png,45
..\_tiles\T038_02.png_1.png,45
..\_tiles\T038_02.png_2.png,45
..\_tiles\T038_02.png_3.png,45
..\_tiles\T038_02.png_4.png,45
..\_tiles\T038_03.png_0.png,45
..\_tiles\T038_03.png_1.png,45
..\_tiles\T038_03.png_2.png,45
..\_tiles\T038_03.png_3.png,45
..\_tiles\T038_03.png_4.png,45
..\_tiles\T038_04.png_0.png,45
..\_tiles\T038_04.png_1.png,45
..\_tiles\T038_04.png_2.png,45
..\_tiles\T038_04.png_3.png,45
..\_tiles\T038_04.png_4.png,45
..\_tiles\T038_05.png_0.png,45
..\_tiles\T038_05.png_1.png,45
..\_tiles\T038_05.png_2.png,45
..\_tiles\T038_05.png_3.png,45
..\_tiles\T038_05.png_4.png,45
..\_tiles\T039_01.png_0.png,46
..\_tiles\T039_01.png_1.png,46
..\_tiles\T039_01.png_2.png,46
..\_tiles\T039_01.png_3.png,46
..\_tiles\T039_01.png_4.png,46
..\_tiles\T039_02.png_0.png,46
..\_tiles\T039_02.png_1.png,46
..\_tiles\T039_02.png_2.png,46
..\_tiles\T039_02.png_3.png,46
..\_tiles\T039_02.png_4.png,46
..\_tiles\T039_03.png_0.png,46
..\_tiles\T039_03.png_1.png,46
..\_tiles\T039_03.png_2.png,46
..\_tiles\T039_03.png_3.png,46
..\_tiles\T039_03.png_4.png,46
..\_tiles\T039_04.png_0.png,46
..\_tiles\T039_04.png_1.png,46
..\_tiles\T039_04.png_2.png,46
..\_tiles\T039_04.png_3.png,46
..\_tiles\T039_04.png_4.png,46
..\_tiles\T039_05.png_0.png,46
..\_tiles\T039_05.png_1.png,46
..\_tiles\T039_05.png_2.png,46
..\_tiles\T039_05.png_3.png,46
..\_tiles\T039_05.png_4.png,46
..\_tiles\T004_01.png_0.png,47
..\_tiles\T004_01.png_1.png,47
..\_tiles\T004_01.png_2.png,47
..\_tiles\T004_01.png_3.png,47
..\_tiles\T004_01.png_4.png,47
..\_tiles\T004_02.png_0.png,47
..\_tiles\T004_02.png_1.png,47
..\_tiles\T004_02.png_2.png,47
..\_tiles\T004_02.png_3.png,47
..\_tiles\T004_02.png_4.png,47
..\_tiles\T004_03.png_0.png,47
..\_tiles\T004_03.png_1.png,47
..\_tiles\T004_03.png_2.png,47
..\_tiles\T004_03.png_3.png,47
..\_tiles\T004_03.png_4.png,47
..\_tiles\T004_04.png_0.png,47
..\_tiles\T004_04.png_1.png,47
..\_tiles\T004_04.png_2.png,47
..\_tiles\T004_04.png_3.png,47
..\_tiles\T004_04.png_4.png,47
..\_tiles\T004_05.png_0.png,47
..\_tiles\T004_05.png_1.png,47
..\_tiles\T004_05.png_2.png,47
..\_tiles\T004_05.png_3.png,47
..\_tiles\T004_05.png_4.png,47
..\_tiles\T040_01.png_0.png,48
..\_tiles\T040_01.png_1.png,48
..\_tiles\T040_01.png_2.png,48
..\_tiles\T040_01.png_3.png,48
..\_tiles\T040_01.png_4.png,48
..\_tiles\T040_02.png_0.png,48
..\_tiles\T040_02.png_1.png,48
..\_tiles\T040_02.png_2.png,48
..\_tiles\T040_02.png_3.png,48
..\_tiles\T040_02.png_4.png,48
..\_tiles\T040_03.png_0.png,48
..\_tiles\T040_03.png_1.png,48
..\_tiles\T040_03.png_2.png,48
..\_tiles\T040_03.png_3.png,48
..\_tiles\T040_03.png_4.png,48
..\_tiles\T040_04.png_0.png,48
..\_tiles\T040_04.png_1.png,48
..\_tiles\T040_04.png_2.png,48
..\_tiles\T040_04.png_3.png,48
..\_tiles\T040_04.png_4.png,48
..\_tiles\T040_05.png_0.png,48
..\_tiles\T040_05.png_1.png,48
..\_tiles\T040_05.png_2.png,48
..\_tiles\T040_05.png_3.png,48
..\_tiles\T040_05.png_4.png,48
..\_tiles\T041_01.png_0.png,49
..\_tiles\T041_01.png_1.png,49
..\_tiles\T041_01.png_2.png,49
..\_tiles\T041_01.png_3.png,49
..\_tiles\T041_01.png_4.png,49
..\_tiles\T041_02.png_0.png,49
..\_tiles\T041_02.png_1.png,49
..\_tiles\T041_02.png_2.png,49
..\_tiles\T041_02.png_3.png,49
..\_tiles\T041_02.png_4.png,49
..\_tiles\T041_03.png_0.png,49
..\_tiles\T041_03.png_1.png,49
..\_tiles\T041_03.png_2.png,49
..\_tiles\T041_03.png_3.png,49
..\_tiles\T041_03.png_4.png,49
..\_tiles\T041_04.png_0.png,49
..\_tiles\T041_04.png_1.png,49
..\_tiles\T041_04.png_2.png,49
..\_tiles\T041_04.png_3.png,49
..\_tiles\T041_04.png_4.png,49
..\_tiles\T041_05.png_0.png,49
..\_tiles\T041_05.png_1.png,49
..\_tiles\T041_05.png_2.png,49
..\_tiles\T041_05.png_3.png,49
..\_tiles\T041_05.png_4.png,49
..\_tiles\T042_01.png_0.png,50
..\_tiles\T042_01.png_1.png,50
..\_tiles\T042_01.png_2.png,50
..\_tiles\T042_01.png_3.png,50
..\_tiles\T042_01.png_4.png,50
..\_tiles\T042_02.png_0.png,50
..\_tiles\T042_02.png_1.png,50
..\_tiles\T042_02.png_2.png,50
..\_tiles\T042_02.png_3.png,50
..\_tiles\T042_02.png_4.png,50
..\_tiles\T042_03.png_0.png,50
..\_tiles\T042_03.png_1.png,50
..\_tiles\T042_03.png_2.png,50
..\_tiles\T042_03.png_3.png,50
..\_tiles\T042_03.png_4.png,50
..\_tiles\T042_04.png_0.png,50
..\_tiles\T042_04.png_1.png,50
..\_tiles\T042_04.png_2.png,50
..\_tiles\T042_04.png_3.png,50
..\_tiles\T042_04.png_4.png,50
..\_tiles\T042_05.png_0.png,50
..\_tiles\T042_05.png_1.png,50
..\_tiles\T042_05.png_2.png,50
..\_tiles\T042_05.png_3.png,50
..\_tiles\T042_05.png_4.png,50
..\_tiles\T043_01.png_0.png,51
..\_tiles\T043_01.png_1.png,51
..\_tiles\T043_01.png_2.png,51
..\_tiles\T043_01.png_3.png,51
..\_tiles\T043_01.png_4.png,51
..\_tiles\T043_02.png_0.png,51
..\_tiles\T043_02.png_1.png,51
..\_tiles\T043_02.png_2.png,51
..\_tiles\T043_02.png_3.png,51
..\_tiles\T043_02.png_4.png,51
..\_tiles\T043_03.png_0.png,51
..\_tiles\T043_03.png_1.png,51
..\_tiles\T043_03.png_2.png,51
..\_tiles\T043_03.png_3.png,51
..\_tiles\T043_03.png_4.png,51
..\_tiles\T043_04.png_0.png,51
..\_tiles\T043_04.png_1.png,51
..\_tiles\T043_04.png_2.png,51
..\_tiles\T043_04.png_3.png,51
..\_tiles\T043_04.png_4.png,51
..\_tiles\T043_05.png_0.png,51
..\_tiles\T043_05.png_1.png,51
..\_tiles\T043_05.png_2.png,51
..\_tiles\T043_05.png_3.png,51
..\_tiles\T043_05.png_4.png,51
..\_tiles\T045_01.png_0.png,52
..\_tiles\T045_01.png_1.png,52
..\_tiles\T045_01.png_2.png,52
..\_tiles\T045_01.png_3.png,52
..\_tiles\T045_01.png_4.png,52
..\_tiles\T045_02.png_0.png,52
..\_tiles\T045_02.png_1.png,52
..\_tiles\T045_02.png_2.png,52
..\_tiles\T045_02.png_3.png,52
..\_tiles\T045_02.png_4.png,52
..\_tiles\T045_03.png_0.png,52
..\_tiles\T045_03.png_1.png,52
..\_tiles\T045_03.png_2.png,52
..\_tiles\T045_03.png_3.png,52
..\_tiles\T045_03.png_4.png,52
..\_tiles\T045_04.png_0.png,52
..\_tiles\T045_04.png_1.png,52
..\_tiles\T045_04.png_2.png,52
..\_tiles\T045_04.png_3.png,52
..\_tiles\T045_04.png_4.png,52
..\_tiles\T045_05.png_0.png,52
..\_tiles\T045_05.png_1.png,52
..\_tiles\T045_05.png_2.png,52
..\_tiles\T045_05.png_3.png,52
..\_tiles\T045_05.png_4.png,52
..\_tiles\T046_01.png_0.png,53
..\_tiles\T046_01.png_1.png,53
..\_tiles\T046_01.png_2.png,53
..\_tiles\T046_01.png_3.png,53
..\_tiles\T046_01.png_4.png,53
..\_tiles\T046_02.png_0.png,53
..\_tiles\T046_02.png_1.png,53
..\_tiles\T046_02.png_2.png,53
..\_tiles\T046_02.png_3.png,53
..\_tiles\T046_02.png_4.png,53
..\_tiles\T046_03.png_0.png,53
..\_tiles\T046_03.png_1.png,53
..\_tiles\T046_03.png_2.png,53
..\_tiles\T046_03.png_3.png,53
..\_tiles\T046_03.png_4.png,53
..\_tiles\T046_04.png_0.png,53
..\_tiles\T046_04.png_1.png,53
..\_tiles\T046_04.png_2.png,53
..\_tiles\T046_04.png_3.png,53
..\_tiles\T046_04.png_4.png,53
..\_tiles\T046_05.png_0.png,53
..\_tiles\T046_05.png_1.png,53
..\_tiles\T046_05.png_2.png,53
..\_tiles\T046_05.png_3.png,53
..\_tiles\T046_05.png_4.png,53
..\_tiles\T047_01.png_0.png,54
..\_tiles\T047_01.png_1.png,54
..\_tiles\T047_01.png_2.png,54
..\_tiles\T047_01.png_3.png,54
..\_tiles\T047_01.png_4.png,54
..\_tiles\T047_02.png_0.png,54
..\_tiles\T047_02.png_1.png,54
..\_tiles\T047_02.png_2.png,54
..\_tiles\T047_02.png_3.png,54
..\_tiles\T047_02.png_4.png,54
..\_tiles\T047_03.png_0.png,54
..\_tiles\T047_03.png_1.png,54
..\_tiles\T047_03.png_2.png,54
..\_tiles\T047_03.png_3.png,54
..\_tiles\T047_03.png_4.png,54
..\_tiles\T047_04.png_0.png,54
..\_tiles\T047_04.png_1.png,54
..\_tiles\T047_04.png_2.png,54
..\_tiles\T047_04.png_3.png,54
..\_tiles\T047_04.png_4.png,54
..\_tiles\T047_05.png_0.png,54
..\_tiles\T047_05.png_1.png,54
..\_tiles\T047_05.png_2.png,54
..\_tiles\T047_05.png_3.png,54
..\_tiles\T047_05.png_4.png,54
..\_tiles\T048_01.png_0.png,55
..\_tiles\T048_01.png_1.png,55
..\_tiles\T048_01.png_2.png,55
..\_tiles\T048_01.png_3.png,55
..\_tiles\T048_01.png_4.png,55
..\_tiles\T048_02.png_0.png,55
..\_tiles\T048_02.png_1.png,55
..\_tiles\T048_02.png_2.png,55
..\_tiles\T048_02.png_3.png,55
..\_tiles\T048_02.png_4.png,55
..\_tiles\T048_03.png_0.png,55
..\_tiles\T048_03.png_1.png,55
..\_tiles\T048_03.png_2.png,55
..\_tiles\T048_03.png_3.png,55
..\_tiles\T048_03.png_4.png,55
..\_tiles\T048_04.png_0.png,55
..\_tiles\T048_04.png_1.png,55
..\_tiles\T048_04.png_2.png,55
..\_tiles\T048_04.png_3.png,55
..\_tiles\T048_04.png_4.png,55
..\_tiles\T048_05.png_0.png,55
..\_tiles\T048_05.png_1.png,55
..\_tiles\T048_05.png_2.png,55
..\_tiles\T048_05.png_3.png,55
..\_tiles\T048_05.png_4.png,55
..\_tiles\T049_01.png_0.png,56
..\_tiles\T049_01.png_1.png,56
..\_tiles\T049_01.png_2.png,56
..\_tiles\T049_01.png_3.png,56
..\_tiles\T049_01.png_4.png,56
..\_tiles\T049_02.png_0.png,56
..\_tiles\T049_02.png_1.png,56
..\_tiles\T049_02.png_2.png,56
..\_tiles\T049_02.png_3.png,56
..\_tiles\T049_02.png_4.png,56
..\_tiles\T049_03.png_0.png,56
..\_tiles\T049_03.png_1.png,56
..\_tiles\T049_03.png_2.png,56
..\_tiles\T049_03.png_3.png,56
..\_tiles\T049_03.png_4.png,56
..\_tiles\T049_04.png_0.png,56
..\_tiles\T049_04.png_1.png,56
..\_tiles\T049_04.png_2.png,56
..\_tiles\T049_04.png_3.png,56
..\_tiles\T049_04.png_4.png,56
..\_tiles\T049_05.png_0.png,56
..\_tiles\T049_05.png_1.png,56
..\_tiles\T049_05.png_2.png,56
..\_tiles\T049_05.png_3.png,56
..\_tiles\T049_05.png_4.png,56
..\_tiles\T005_01.png_0.png,57
..\_tiles\T005_01.png_1.png,57
..\_tiles\T005_01.png_2.png,57
..\_tiles\T005_01.png_3.png,57
..\_tiles\T005_01.png_4.png,57
..\_tiles\T005_02.png_0.png,57
..\_tiles\T005_02.png_1.png,57
..\_tiles\T005_02.png_2.png,57
..\_tiles\T005_02.png_3.png,57
..\_tiles\T005_02.png_4.png,57
..\_tiles\T005_03.png_0.png,57
..\_tiles\T005_03.png_1.png,57
..\_tiles\T005_03.png_2.png,57
..\_tiles\T005_03.png_3.png,57
..\_tiles\T005_03.png_4.png,57
..\_tiles\T005_04.png_0.png,57
..\_tiles\T005_04.png_1.png,57
..\_tiles\T005_04.png_2.png,57
..\_tiles\T005_04.png_3.png,57
..\_tiles\T005_04.png_4.png,57
..\_tiles\T005_05.png_0.png,57
..\_tiles\T005_05.png_1.png,57
..\_tiles\T005_05.png_2.png,57
..\_tiles\T005_05.png_3.png,57
..\_tiles\T005_05.png_4.png,57
..\_tiles\T050_01.png_0.png,58
..\_tiles\T050_01.png_1.png,58
..\_tiles\T050_01.png_2.png,58
..\_tiles\T050_01.png_3.png,58
..\_tiles\T050_01.png_4.png,58
..\_tiles\T050_02.png_0.png,58
..\_tiles\T050_02.png_1.png,58
..\_tiles\T050_02.png_2.png,58
..\_tiles\T050_02.png_3.png,58
..\_tiles\T050_02.png_4.png,58
..\_tiles\T050_03.png_0.png,58
..\_tiles\T050_03.png_1.png,58
..\_tiles\T050_03.png_2.png,58
..\_tiles\T050_03.png_3.png,58
..\_tiles\T050_03.png_4.png,58
..\_tiles\T050_04.png_0.png,58
..\_tiles\T050_04.png_1.png,58
..\_tiles\T050_04.png_2.png,58
..\_tiles\T050_04.png_3.png,58
..\_tiles\T050_04.png_4.png,58
..\_tiles\T050_05.png_0.png,58
..\_tiles\T050_05.png_1.png,58
..\_tiles\T050_05.png_2.png,58
..\_tiles\T050_05.png_3.png,58
..\_tiles\T050_05.png_4.png,58
..\_tiles\T051_01.png_0.png,59
..\_tiles\T051_01.png_1.png,59
..\_tiles\T051_01.png_2.png,59
..\_tiles\T051_01.png_3.png,59
..\_tiles\T051_01.png_4.png,59
..\_tiles\T051_02.png_0.png,59
..\_tiles\T051_02.png_1.png,59
..\_tiles\T051_02.png_2.png,59
..\_tiles\T051_02.png_3.png,59
..\_tiles\T051_02.png_4.png,59
..\_tiles\T051_03.png_0.png,59
..\_tiles\T051_03.png_1.png,59
..\_tiles\T051_03.png_2.png,59
..\_tiles\T051_03.png_3.png,59
..\_tiles\T051_03.png_4.png,59
..\_tiles\T051_04.png_0.png,59
..\_tiles\T051_04.png_1.png,59
..\_tiles\T051_04.png_2.png,59
..\_tiles\T051_04.png_3.png,59
..\_tiles\T051_04.png_4.png,59
..\_tiles\T051_05.png_0.png,59
..\_tiles\T051_05.png_1.png,59
..\_tiles\T051_05.png_2.png,59
..\_tiles\T051_05.png_3.png,59
..\_tiles\T051_05.png_4.png,59
..\_tiles\T052_01.png_0.png,60
..\_tiles\T052_01.png_1.png,60
..\_tiles\T052_01.png_2.png,60
..\_tiles\T052_01.png_3.png,60
..\_tiles\T052_01.png_4.png,60
..\_tiles\T052_02.png_0.png,60
..\_tiles\T052_02.png_1.png,60
..\_tiles\T052_02.png_2.png,60
..\_tiles\T052_02.png_3.png,60
..\_tiles\T052_02.png_4.png,60
..\_tiles\T052_03.png_0.png,60
..\_tiles\T052_03.png_1.png,60
..\_tiles\T052_03.png_2.png,60
..\_tiles\T052_03.png_3.png,60
..\_tiles\T052_03.png_4.png,60
..\_tiles\T052_04.png_0.png,60
..\_tiles\T052_04.png_1.png,60
..\_tiles\T052_04.png_2.png,60
..\_tiles\T052_04.png_3.png,60
..\_tiles\T052_04.png_4.png,60
..\_tiles\T052_05.png_0.png,60
..\_tiles\T052_05.png_1.png,60
..\_tiles\T052_05.png_2.png,60
..\_tiles\T052_05.png_3.png,60
..\_tiles\T052_05.png_4.png,60
..\_tiles\T053_01.png_0.png,61
..\_tiles\T053_01.png_1.png,61
..\_tiles\T053_01.png_2.png,61
..\_tiles\T053_01.png_3.png,61
..\_tiles\T053_01.png_4.png,61
..\_tiles\T053_02.png_0.png,61
..\_tiles\T053_02.png_1.png,61
..\_tiles\T053_02.png_2.png,61
..\_tiles\T053_02.png_3.png,61
..\_tiles\T053_02.png_4.png,61
..\_tiles\T053_03.png_0.png,61
..\_tiles\T053_03.png_1.png,61
..\_tiles\T053_03.png_2.png,61
..\_tiles\T053_03.png_3.png,61
..\_tiles\T053_03.png_4.png,61
..\_tiles\T053_04.png_0.png,61
..\_tiles\T053_04.png_1.png,61
..\_tiles\T053_04.png_2.png,61
..\_tiles\T053_04.png_3.png,61
..\_tiles\T053_04.png_4.png,61
..\_tiles\T053_05.png_0.png,61
..\_tiles\T053_05.png_1.png,61
..\_tiles\T053_05.png_2.png,61
..\_tiles\T053_05.png_3.png,61
..\_tiles\T053_05.png_4.png,61
..\_tiles\T054_01.png_0.png,62
..\_tiles\T054_01.png_1.png,62
..\_tiles\T054_01.png_2.png,62
..\_tiles\T054_01.png_3.png,62
..\_tiles\T054_01.png_4.png,62
..\_tiles\T054_02.png_0.png,62
..\_tiles\T054_02.png_1.png,62
..\_tiles\T054_02.png_2.png,62
..\_tiles\T054_02.png_3.png,62
..\_tiles\T054_02.png_4.png,62
..\_tiles\T054_03.png_0.png,62
..\_tiles\T054_03.png_1.png,62
..\_tiles\T054_03.png_2.png,62
..\_tiles\T054_03.png_3.png,62
..\_tiles\T054_03.png_4.png,62
..\_tiles\T054_04.png_0.png,62
..\_tiles\T054_04.png_1.png,62
..\_tiles\T054_04.png_2.png,62
..\_tiles\T054_04.png_3.png,62
..\_tiles\T054_04.png_4.png,62
..\_tiles\T054_05.png_0.png,62
..\_tiles\T054_05.png_1.png,62
..\_tiles\T054_05.png_2.png,62
..\_tiles\T054_05.png_3.png,62
..\_tiles\T054_05.png_4.png,62
..\_tiles\T055_01.png_0.png,63
..\_tiles\T055_01.png_1.png,63
..\_tiles\T055_01.png_2.png,63
..\_tiles\T055_01.png_3.png,63
..\_tiles\T055_01.png_4.png,63
..\_tiles\T055_02.png_0.png,63
..\_tiles\T055_02.png_1.png,63
..\_tiles\T055_02.png_2.png,63
..\_tiles\T055_02.png_3.png,63
..\_tiles\T055_02.png_4.png,63
..\_tiles\T055_03.png_0.png,63
..\_tiles\T055_03.png_1.png,63
..\_tiles\T055_03.png_2.png,63
..\_tiles\T055_03.png_3.png,63
..\_tiles\T055_03.png_4.png,63
..\_tiles\T055_04.png_0.png,63
..\_tiles\T055_04.png_1.png,63
..\_tiles\T055_04.png_2.png,63
..\_tiles\T055_04.png_3.png,63
..\_tiles\T055_04.png_4.png,63
..\_tiles\T055_05.png_0.png,63
..\_tiles\T055_05.png_1.png,63
..\_tiles\T055_05.png_2.png,63
..\_tiles\T055_05.png_3.png,63
..\_tiles\T055_05.png_4.png,63
..\_tiles\T056_01.png_0.png,64
..\_tiles\T056_01.png_1.png,64
..\_tiles\T056_01.png_2.png,64
..\_tiles\T056_01.png_3.png,64
..\_tiles\T056_01.png_4.png,64
..\_tiles\T056_02.png_0.png,64
..\_tiles\T056_02.png_1.png,64
..\_tiles\T056_02.png_2.png,64
..\_tiles\T056_02.png_3.png,64
..\_tiles\T056_02.png_4.png,64
..\_tiles\T056_03.png_0.png,64
..\_tiles\T056_03.png_1.png,64
..\_tiles\T056_03.png_2.png,64
..\_tiles\T056_03.png_3.png,64
..\_tiles\T056_03.png_4.png,64
..\_tiles\T056_04.png_0.png,64
..\_tiles\T056_04.png_1.png,64
..\_tiles\T056_04.png_2.png,64
..\_tiles\T056_04.png_3.png,64
..\_tiles\T056_04.png_4.png,64
..\_tiles\T056_05.png_0.png,64
..\_tiles\T056_05.png_1.png,64
..\_tiles\T056_05.png_2.png,64
..\_tiles\T056_05.png_3.png,64
..\_tiles\T056_05.png_4.png,64
..\_tiles\T057_01.png_0.png,65
..\_tiles\T057_01.png_1.png,65
..\_tiles\T057_01.png_2.png,65
..\_tiles\T057_01.png_3.png,65
..\_tiles\T057_01.png_4.png,65
..\_tiles\T057_02.png_0.png,65
..\_tiles\T057_02.png_1.png,65
..\_tiles\T057_02.png_2.png,65
..\_tiles\T057_02.png_3.png,65
..\_tiles\T057_02.png_4.png,65
..\_tiles\T057_03.png_0.png,65
..\_tiles\T057_03.png_1.png,65
..\_tiles\T057_03.png_2.png,65
..\_tiles\T057_03.png_3.png,65
..\_tiles\T057_03.png_4.png,65
..\_tiles\T057_04.png_0.png,65
..\_tiles\T057_04.png_1.png,65
..\_tiles\T057_04.png_2.png,65
..\_tiles\T057_04.png_3.png,65
..\_tiles\T057_04.png_4.png,65
..\_tiles\T057_05.png_0.png,65
..\_tiles\T057_05.png_1.png,65
..\_tiles\T057_05.png_2.png,65
..\_tiles\T057_05.png_3.png,65
..\_tiles\T057_05.png_4.png,65
..\_tiles\T058_01.png_0.png,66
..\_tiles\T058_01.png_1.png,66
..\_tiles\T058_01.png_2.png,66
..\_tiles\T058_01.png_3.png,66
..\_tiles\T058_01.png_4.png,66
..\_tiles\T058_02.png_0.png,66
..\_tiles\T058_02.png_1.png,66
..\_tiles\T058_02.png_2.png,66
..\_tiles\T058_02.png_3.png,66
..\_tiles\T058_02.png_4.png,66
..\_tiles\T058_03.png_0.png,66
..\_tiles\T058_03.png_1.png,66
..\_tiles\T058_03.png_2.png,66
..\_tiles\T058_03.png_3.png,66
..\_tiles\T058_03.png_4.png,66
..\_tiles\T058_04.png_0.png,66
..\_tiles\T058_04.png_1.png,66
..\_tiles\T058_04.png_2.png,66
..\_tiles\T058_04.png_3.png,66
..\_tiles\T058_04.png_4.png,66
..\_tiles\T058_05.png_0.png,66
..\_tiles\T058_05.png_1.png,66
..\_tiles\T058_05.png_2.png,66
..\_tiles\T058_05.png_3.png,66
..\_tiles\T058_05.png_4.png,66
..\_tiles\T059_01.png_0.png,67
..\_tiles\T059_01.png_1.png,67
..\_tiles\T059_01.png_2.png,67
..\_tiles\T059_01.png_3.png,67
..\_tiles\T059_01.png_4.png,67
..\_tiles\T059_02.png_0.png,67
..\_tiles\T059_02.png_1.png,67
..\_tiles\T059_02.png_2.png,67
..\_tiles\T059_02.png_3.png,67
..\_tiles\T059_02.png_4.png,67
..\_tiles\T059_03.png_0.png,67
..\_tiles\T059_03.png_1.png,67
..\_tiles\T059_03.png_2.png,67
..\_tiles\T059_03.png_3.png,67
..\_tiles\T059_03.png_4.png,67
..\_tiles\T059_04.png_0.png,67
..\_tiles\T059_04.png_1.png,67
..\_tiles\T059_04.png_2.png,67
..\_tiles\T059_04.png_3.png,67
..\_tiles\T059_04.png_4.png,67
..\_tiles\T059_05.png_0.png,67
..\_tiles\T059_05.png_1.png,67
..\_tiles\T059_05.png_2.png,67
..\_tiles\T059_05.png_3.png,67
..\_tiles\T059_05.png_4.png,67
..\_tiles\T006_01.png_0.png,68
..\_tiles\T006_01.png_1.png,68
..\_tiles\T006_01.png_2.png,68
..\_tiles\T006_01.png_3.png,68
..\_tiles\T006_01.png_4.png,68
..\_tiles\T006_02.png_0.png,68
..\_tiles\T006_02.png_1.png,68
..\_tiles\T006_02.png_2.png,68
..\_tiles\T006_02.png_3.png,68
..\_tiles\T006_02.png_4.png,68
..\_tiles\T006_03.png_0.png,68
..\_tiles\T006_03.png_1.png,68
..\_tiles\T006_03.png_2.png,68
..\_tiles\T006_03.png_3.png,68
..\_tiles\T006_03.png_4.png,68
..\_tiles\T006_04.png_0.png,68
..\_tiles\T006_04.png_1.png,68
..\_tiles\T006_04.png_2.png,68
..\_tiles\T006_04.png_3.png,68
..\_tiles\T006_04.png_4.png,68
..\_tiles\T006_05.png_0.png,68
..\_tiles\T006_05.png_1.png,68
..\_tiles\T006_05.png_2.png,68
..\_tiles\T006_05.png_3.png,68
..\_tiles\T006_05.png_4.png,68
..\_tiles\T060_01.png_0.png,69
..\_tiles\T060_01.png_1.png,69
..\_tiles\T060_01.png_2.png,69
..\_tiles\T060_01.png_3.png,69
..\_tiles\T060_01.png_4.png,69
..\_tiles\T060_02.png_0.png,69
..\_tiles\T060_02.png_1.png,69
..\_tiles\T060_02.png_2.png,69
..\_tiles\T060_02.png_3.png,69
..\_tiles\T060_02.png_4.png,69
..\_tiles\T060_03.png_0.png,69
..\_tiles\T060_03.png_1.png,69
..\_tiles\T060_03.png_2.png,69
..\_tiles\T060_03.png_3.png,69
..\_tiles\T060_03.png_4.png,69
..\_tiles\T060_04.png_0.png,69
..\_tiles\T060_04.png_1.png,69
..\_tiles\T060_04.png_2.png,69
..\_tiles\T060_04.png_3.png,69
..\_tiles\T060_04.png_4.png,69
..\_tiles\T060_05.png_0.png,69
..\_tiles\T060_05.png_1.png,69
..\_tiles\T060_05.png_2.png,69
..\_tiles\T060_05.png_3.png,69
..\_tiles\T060_05.png_4.png,69
..\_tiles\T061_01.png_0.png,70
..\_tiles\T061_01.png_1.png,70
..\_tiles\T061_01.png_2.png,70
..\_tiles\T061_01.png_3.png,70
..\_tiles\T061_01.png_4.png,70
..\_tiles\T061_02.png_0.png,70
..\_tiles\T061_02.png_1.png,70
..\_tiles\T061_02.png_2.png,70
..\_tiles\T061_02.png_3.png,70
..\_tiles\T061_02.png_4.png,70
..\_tiles\T061_03.png_0.png,70
..\_tiles\T061_03.png_1.png,70
..\_tiles\T061_03.png_2.png,70
..\_tiles\T061_03.png_3.png,70
..\_tiles\T061_03.png_4.png,70
..\_tiles\T061_04.png_0.png,70
..\_tiles\T061_04.png_1.png,70
..\_tiles\T061_04.png_2.png,70
..\_tiles\T061_04.png_3.png,70
..\_tiles\T061_04.png_4.png,70
..\_tiles\T061_05.png_0.png,70
..\_tiles\T061_05.png_1.png,70
..\_tiles\T061_05.png_2.png,70
..\_tiles\T061_05.png_3.png,70
..\_tiles\T061_05.png_4.png,70
..\_tiles\T062_01.png_0.png,71
..\_tiles\T062_01.png_1.png,71
..\_tiles\T062_01.png_2.png,71
..\_tiles\T062_01.png_3.png,71
..\_tiles\T062_01.png_4.png,71
..\_tiles\T062_02.png_0.png,71
..\_tiles\T062_02.png_1.png,71
..\_tiles\T062_02.png_2.png,71
..\_tiles\T062_02.png_3.png,71
..\_tiles\T062_02.png_4.png,71
..\_tiles\T062_03.png_0.png,71
..\_tiles\T062_03.png_1.png,71
..\_tiles\T062_03.png_2.png,71
..\_tiles\T062_03.png_3.png,71
..\_tiles\T062_03.png_4.png,71
..\_tiles\T062_04.png_0.png,71
..\_tiles\T062_04.png_1.png,71
..\_tiles\T062_04.png_2.png,71
..\_tiles\T062_04.png_3.png,71
..\_tiles\T062_04.png_4.png,71
..\_tiles\T062_05.png_0.png,71
..\_tiles\T062_05.png_1.png,71
..\_tiles\T062_05.png_2.png,71
..\_tiles\T062_05.png_3.png,71
..\_tiles\T062_05.png_4.png,71
..\_tiles\T063_01.png_0.png,72
..\_tiles\T063_01.png_1.png,72
..\_tiles\T063_01.png_2.png,72
..\_tiles\T063_01.png_3.png,72
..\_tiles\T063_01.png_4.png,72
..\_tiles\T063_02.png_0.png,72
..\_tiles\T063_02.png_1.png,72
..\_tiles\T063_02.png_2.png,72
..\_tiles\T063_02.png_3.png,72
..\_tiles\T063_02.png_4.png,72
..\_tiles\T063_03.png_0.png,72
..\_tiles\T063_03.png_1.png,72
..\_tiles\T063_03.png_2.png,72
..\_tiles\T063_03.png_3.png,72
..\_tiles\T063_03.png_4.png,72
..\_tiles\T063_04.png_0.png,72
..\_tiles\T063_04.png_1.png,72
..\_tiles\T063_04.png_2.png,72
..\_tiles\T063_04.png_3.png,72
..\_tiles\T063_04.png_4.png,72
..\_tiles\T063_05.png_0.png,72
..\_tiles\T063_05.png_1.png,72
..\_tiles\T063_05.png_2.png,72
..\_tiles\T063_05.png_3.png,72
..\_tiles\T063_05.png_4.png,72
..\_tiles\T064_01.png_0.png,73
..\_tiles\T064_01.png_1.png,73
..\_tiles\T064_01.png_2.png,73
..\_tiles\T064_01.png_3.png,73
..\_tiles\T064_01.png_4.png,73
..\_tiles\T064_02.png_0.png,73
..\_tiles\T064_02.png_1.png,73
..\_tiles\T064_02.png_2.png,73
..\_tiles\T064_02.png_3.png,73
..\_tiles\T064_02.png_4.png,73
..\_tiles\T064_03.png_0.png,73
..\_tiles\T064_03.png_1.png,73
..\_tiles\T064_03.png_2.png,73
..\_tiles\T064_03.png_3.png,73
..\_tiles\T064_03.png_4.png,73
..\_tiles\T064_04.png_0.png,73
..\_tiles\T064_04.png_1.png,73
..\_tiles\T064_04.png_2.png,73
..\_tiles\T064_04.png_3.png,73
..\_tiles\T064_04.png_4.png,73
..\_tiles\T064_05.png_0.png,73
..\_tiles\T064_05.png_1.png,73
..\_tiles\T064_05.png_2.png,73
..\_tiles\T064_05.png_3.png,73
..\_tiles\T064_05.png_4.png,73
..\_tiles\T065_01.png_0.png,74
..\_tiles\T065_01.png_1.png,74
..\_tiles\T065_01.png_2.png,74
..\_tiles\T065_01.png_3.png,74
..\_tiles\T065_01.png_4.png,74
..\_tiles\T065_02.png_0.png,74
..\_tiles\T065_02.png_1.png,74
..\_tiles\T065_02.png_2.png,74
..\_tiles\T065_02.png_3.png,74
..\_tiles\T065_02.png_4.png,74
..\_tiles\T065_03.png_0.png,74
..\_tiles\T065_03.png_1.png,74
..\_tiles\T065_03.png_2.png,74
..\_tiles\T065_03.png_3.png,74
..\_tiles\T065_03.png_4.png,74
..\_tiles\T065_04.png_0.png,74
..\_tiles\T065_04.png_1.png,74
..\_tiles\T065_04.png_2.png,74
..\_tiles\T065_04.png_3.png,74
..\_tiles\T065_04.png_4.png,74
..\_tiles\T065_05.png_0.png,74
..\_tiles\T065_05.png_1.png,74
..\_tiles\T065_05.png_2.png,74
..\_tiles\T065_05.png_3.png,74
..\_tiles\T065_05.png_4.png,74
..\_tiles\T066_01.png_0.png,75
..\_tiles\T066_01.png_1.png,75
..\_tiles\T066_01.png_2.png,75
..\_tiles\T066_01.png_3.png,75
..\_tiles\T066_01.png_4.png,75
..\_tiles\T066_02.png_0.png,75
..\_tiles\T066_02.png_1.png,75
..\_tiles\T066_02.png_2.png,75
..\_tiles\T066_02.png_3.png,75
..\_tiles\T066_02.png_4.png,75
..\_tiles\T066_03.png_0.png,75
..\_tiles\T066_03.png_1.png,75
..\_tiles\T066_03.png_2.png,75
..\_tiles\T066_03.png_3.png,75
..\_tiles\T066_03.png_4.png,75
..\_tiles\T066_04.png_0.png,75
..\_tiles\T066_04.png_1.png,75
..\_tiles\T066_04.png_2.png,75
..\_tiles\T066_04.png_3.png,75
..\_tiles\T066_04.png_4.png,75
..\_tiles\T066_05.png_0.png,75
..\_tiles\T066_05.png_1.png,75
..\_tiles\T066_05.png_2.png,75
..\_tiles\T066_05.png_3.png,75
..\_tiles\T066_05.png_4.png,75
..\_tiles\T067_01.png_0.png,76
..\_tiles\T067_01.png_1.png,76
..\_tiles\T067_01.png_2.png,76
..\_tiles\T067_01.png_3.png,76
..\_tiles\T067_01.png_4.png,76
..\_tiles\T067_02.png_0.png,76
..\_tiles\T067_02.png_1.png,76
..\_tiles\T067_02.png_2.png,76
..\_tiles\T067_02.png_3.png,76
..\_tiles\T067_02.png_4.png,76
..\_tiles\T067_03.png_0.png,76
..\_tiles\T067_03.png_1.png,76
..\_tiles\T067_03.png_2.png,76
..\_tiles\T067_03.png_3.png,76
..\_tiles\T067_03.png_4.png,76
..\_tiles\T067_04.png_0.png,76
..\_tiles\T067_04.png_1.png,76
..\_tiles\T067_04.png_2.png,76
..\_tiles\T067_04.png_3.png,76
..\_tiles\T067_04.png_4.png,76
..\_tiles\T067_05.png_0.png,76
..\_tiles\T067_05.png_1.png,76
..\_tiles\T067_05.png_2.png,76
..\_tiles\T067_05.png_3.png,76
..\_tiles\T067_05.png_4.png,76
..\_tiles\T068_01.png_0.png,77
..\_tiles\T068_01.png_1.png,77
..\_tiles\T068_01.png_2.png,77
..\_tiles\T068_01.png_3.png,77
..\_tiles\T068_01.png_4.png,77
..\_tiles\T068_02.png_0.png,77
..\_tiles\T068_02.png_1.png,77
..\_tiles\T068_02.png_2.png,77
..\_tiles\T068_02.png_3.png,77
..\_tiles\T068_02.png_4.png,77
..\_tiles\T068_03.png_0.png,77
..\_tiles\T068_03.png_1.png,77
..\_tiles\T068_03.png_2.png,77
..\_tiles\T068_03.png_3.png,77
..\_tiles\T068_03.png_4.png,77
..\_tiles\T068_04.png_0.png,77
..\_tiles\T068_04.png_1.png,77
..\_tiles\T068_04.png_2.png,77
..\_tiles\T068_04.png_3.png,77
..\_tiles\T068_04.png_4.png,77
..\_tiles\T068_05.png_0.png,77
..\_tiles\T068_05.png_1.png,77
..\_tiles\T068_05.png_2.png,77
..\_tiles\T068_05.png_3.png,77
..\_tiles\T068_05.png_4.png,77
..\_tiles\T069_01.png_0.png,78
..\_tiles\T069_01.png_1.png,78
..\_tiles\T069_01.png_2.png,78
..\_tiles\T069_01.png_3.png,78
..\_tiles\T069_01.png_4.png,78
..\_tiles\T069_02.png_0.png,78
..\_tiles\T069_02.png_1.png,78
..\_tiles\T069_02.png_2.png,78
..\_tiles\T069_02.png_3.png,78
..\_tiles\T069_02.png_4.png,78
..\_tiles\T069_03.png_0.png,78
..\_tiles\T069_03.png_1.png,78
..\_tiles\T069_03.png_2.png,78
..\_tiles\T069_03.png_3.png,78
..\_tiles\T069_03.png_4.png,78
..\_tiles\T069_04.png_0.png,78
..\_tiles\T069_04.png_1.png,78
..\_tiles\T069_04.png_2.png,78
..\_tiles\T069_04.png_3.png,78
..\_tiles\T069_04.png_4.png,78
..\_tiles\T069_05.png_0.png,78
..\_tiles\T069_05.png_1.png,78
..\_tiles\T069_05.png_2.png,78
..\_tiles\T069_05.png_3.png,78
..\_tiles\T069_05.png_4.png,78
..\_tiles\T007_01.png_0.png,79
..\_tiles\T007_01.png_1.png,79
..\_tiles\T007_01.png_2.png,79
..\_tiles\T007_01.png_3.png,79
..\_tiles\T007_01.png_4.png,79
..\_tiles\T007_02.png_0.png,79
..\_tiles\T007_02.png_1.png,79
..\_tiles\T007_02.png_2.png,79
..\_tiles\T007_02.png_3.png,79
..\_tiles\T007_02.png_4.png,79
..\_tiles\T007_03.png_0.png,79
..\_tiles\T007_03.png_1.png,79
..\_tiles\T007_03.png_2.png,79
..\_tiles\T007_03.png_3.png,79
..\_tiles\T007_03.png_4.png,79
..\_tiles\T007_04.png_0.png,79
..\_tiles\T007_04.png_1.png,79
..\_tiles\T007_04.png_2.png,79
..\_tiles\T007_04.png_3.png,79
..\_tiles\T007_04.png_4.png,79
..\_tiles\T007_05.png_0.png,79
..\_tiles\T007_05.png_1.png,79
..\_tiles\T007_05.png_2.png,79
..\_tiles\T007_05.png_3.png,79
..\_tiles\T007_05.png_4.png,79
..\_tiles\T070_01.png_0.png,80
..\_tiles\T070_01.png_1.png,80
..\_tiles\T070_01.png_2.png,80
..\_tiles\T070_01.png_3.png,80
..\_tiles\T070_01.png_4.png,80
..\_tiles\T070_02.png_0.png,80
..\_tiles\T070_02.png_1.png,80
..\_tiles\T070_02.png_2.png,80
..\_tiles\T070_02.png_3.png,80
..\_tiles\T070_02.png_4.png,80
..\_tiles\T070_03.png_0.png,80
..\_tiles\T070_03.png_1.png,80
..\_tiles\T070_03.png_2.png,80
..\_tiles\T070_03.png_3.png,80
..\_tiles\T070_03.png_4.png,80
..\_tiles\T070_04.png_0.png,80
..\_tiles\T070_04.png_1.png,80
..\_tiles\T070_04.png_2.png,80
..\_tiles\T070_04.png_3.png,80
..\_tiles\T070_04.png_4.png,80
..\_tiles\T070_05.png_0.png,80
..\_tiles\T070_05.png_1.png,80
..\_tiles\T070_05.png_2.png,80
..\_tiles\T070_05.png_3.png,80
..\_tiles\T070_05.png_4.png,80
..\_tiles\T071_01.png_0.png,81
..\_tiles\T071_01.png_1.png,81
..\_tiles\T071_01.png_2.png,81
..\_tiles\T071_01.png_3.png,81
..\_tiles\T071_01.png_4.png,81
..\_tiles\T071_02.png_0.png,81
..\_tiles\T071_02.png_1.png,81
..\_tiles\T071_02.png_2.png,81
..\_tiles\T071_02.png_3.png,81
..\_tiles\T071_02.png_4.png,81
..\_tiles\T071_03.png_0.png,81
..\_tiles\T071_03.png_1.png,81
..\_tiles\T071_03.png_2.png,81
..\_tiles\T071_03.png_3.png,81
..\_tiles\T071_03.png_4.png,81
..\_tiles\T071_04.png_0.png,81
..\_tiles\T071_04.png_1.png,81
..\_tiles\T071_04.png_2.png,81
..\_tiles\T071_04.png_3.png,81
..\_tiles\T071_04.png_4.png,81
..\_tiles\T071_05.png_0.png,81
..\_tiles\T071_05.png_1.png,81
..\_tiles\T071_05.png_2.png,81
..\_tiles\T071_05.png_3.png,81
..\_tiles\T071_05.png_4.png,81
..\_tiles\T072_01.png_0.png,82
..\_tiles\T072_01.png_1.png,82
..\_tiles\T072_01.png_2.png,82
..\_tiles\T072_01.png_3.png,82
..\_tiles\T072_01.png_4.png,82
..\_tiles\T072_02.png_0.png,82
..\_tiles\T072_02.png_1.png,82
..\_tiles\T072_02.png_2.png,82
..\_tiles\T072_02.png_3.png,82
..\_tiles\T072_02.png_4.png,82
..\_tiles\T072_03.png_0.png,82
..\_tiles\T072_03.png_1.png,82
..\_tiles\T072_03.png_2.png,82
..\_tiles\T072_03.png_3.png,82
..\_tiles\T072_03.png_4.png,82
..\_tiles\T072_04.png_0.png,82
..\_tiles\T072_04.png_1.png,82
..\_tiles\T072_04.png_2.png,82
..\_tiles\T072_04.png_3.png,82
..\_tiles\T072_04.png_4.png,82
..\_tiles\T072_05.png_0.png,82
..\_tiles\T072_05.png_1.png,82
..\_tiles\T072_05.png_2.png,82
..\_tiles\T072_05.png_3.png,82
..\_tiles\T072_05.png_4.png,82
..\_tiles\T073_01.png_0.png,83
..\_tiles\T073_01.png_1.png,83
..\_tiles\T073_01.png_2.png,83
..\_tiles\T073_01.png_3.png,83
..\_tiles\T073_01.png_4.png,83
..\_tiles\T073_02.png_0.png,83
..\_tiles\T073_02.png_1.png,83
..\_tiles\T073_02.png_2.png,83
..\_tiles\T073_02.png_3.png,83
..\_tiles\T073_02.png_4.png,83
..\_tiles\T073_03.png_0.png,83
..\_tiles\T073_03.png_1.png,83
..\_tiles\T073_03.png_2.png,83
..\_tiles\T073_03.png_3.png,83
..\_tiles\T073_03.png_4.png,83
..\_tiles\T073_04.png_0.png,83
..\_tiles\T073_04.png_1.png,83
..\_tiles\T073_04.png_2.png,83
..\_tiles\T073_04.png_3.png,83
..\_tiles\T073_04.png_4.png,83
..\_tiles\T073_05.png_0.png,83
..\_tiles\T073_05.png_1.png,83
..\_tiles\T073_05.png_2.png,83
..\_tiles\T073_05.png_3.png,83
..\_tiles\T073_05.png_4.png,83
..\_tiles\T074_01.png_0.png,84
..\_tiles\T074_01.png_1.png,84
..\_tiles\T074_01.png_2.png,84
..\_tiles\T074_01.png_3.png,84
..\_tiles\T074_01.png_4.png,84
..\_tiles\T074_02.png_0.png,84
..\_tiles\T074_02.png_1.png,84
..\_tiles\T074_02.png_2.png,84
..\_tiles\T074_02.png_3.png,84
..\_tiles\T074_02.png_4.png,84
..\_tiles\T074_03.png_0.png,84
..\_tiles\T074_03.png_1.png,84
..\_tiles\T074_03.png_2.png,84
..\_tiles\T074_03.png_3.png,84
..\_tiles\T074_03.png_4.png,84
..\_tiles\T074_04.png_0.png,84
..\_tiles\T074_04.png_1.png,84
..\_tiles\T074_04.png_2.png,84
..\_tiles\T074_04.png_3.png,84
..\_tiles\T074_04.png_4.png,84
..\_tiles\T074_05.png_0.png,84
..\_tiles\T074_05.png_1.png,84
..\_tiles\T074_05.png_2.png,84
..\_tiles\T074_05.png_3.png,84
..\_tiles\T074_05.png_4.png,84
..\_tiles\T075_01.png_0.png,85
..\_tiles\T075_01.png_1.png,85
..\_tiles\T075_01.png_2.png,85
..\_tiles\T075_01.png_3.png,85
..\_tiles\T075_01.png_4.png,85
..\_tiles\T075_02.png_0.png,85
..\_tiles\T075_02.png_1.png,85
..\_tiles\T075_02.png_2.png,85
..\_tiles\T075_02.png_3.png,85
..\_tiles\T075_02.png_4.png,85
..\_tiles\T075_03.png_0.png,85
..\_tiles\T075_03.png_1.png,85
..\_tiles\T075_03.png_2.png,85
..\_tiles\T075_03.png_3.png,85
..\_tiles\T075_03.png_4.png,85
..\_tiles\T075_04.png_0.png,85
..\_tiles\T075_04.png_1.png,85
..\_tiles\T075_04.png_2.png,85
..\_tiles\T075_04.png_3.png,85
..\_tiles\T075_04.png_4.png,85
..\_tiles\T075_05.png_0.png,85
..\_tiles\T075_05.png_1.png,85
..\_tiles\T075_05.png_2.png,85
..\_tiles\T075_05.png_3.png,85
..\_tiles\T075_05.png_4.png,85
..\_tiles\T076_01.png_0.png,86
..\_tiles\T076_01.png_1.png,86
..\_tiles\T076_01.png_2.png,86
..\_tiles\T076_01.png_3.png,86
..\_tiles\T076_01.png_4.png,86
..\_tiles\T076_02.png_0.png,86
..\_tiles\T076_02.png_1.png,86
..\_tiles\T076_02.png_2.png,86
..\_tiles\T076_02.png_3.png,86
..\_tiles\T076_02.png_4.png,86
..\_tiles\T076_03.png_0.png,86
..\_tiles\T076_03.png_1.png,86
..\_tiles\T076_03.png_2.png,86
..\_tiles\T076_03.png_3.png,86
..\_tiles\T076_03.png_4.png,86
..\_tiles\T076_04.png_0.png,86
..\_tiles\T076_04.png_1.png,86
..\_tiles\T076_04.png_2.png,86
..\_tiles\T076_04.png_3.png,86
..\_tiles\T076_04.png_4.png,86
..\_tiles\T076_05.png_0.png,86
..\_tiles\T076_05.png_1.png,86
..\_tiles\T076_05.png_2.png,86
..\_tiles\T076_05.png_3.png,86
..\_tiles\T076_05.png_4.png,86
..\_tiles\T077_01.png_0.png,87
..\_tiles\T077_01.png_1.png,87
..\_tiles\T077_01.png_2.png,87
..\_tiles\T077_01.png_3.png,87
..\_tiles\T077_01.png_4.png,87
..\_tiles\T077_02.png_0.png,87
..\_tiles\T077_02.png_1.png,87
..\_tiles\T077_02.png_2.png,87
..\_tiles\T077_02.png_3.png,87
..\_tiles\T077_02.png_4.png,87
..\_tiles\T077_03.png_0.png,87
..\_tiles\T077_03.png_1.png,87
..\_tiles\T077_03.png_2.png,87
..\_tiles\T077_03.png_3.png,87
..\_tiles\T077_03.png_4.png,87
..\_tiles\T077_04.png_0.png,87
..\_tiles\T077_04.png_1.png,87
..\_tiles\T077_04.png_2.png,87
..\_tiles\T077_04.png_3.png,87
..\_tiles\T077_04.png_4.png,87
..\_tiles\T077_05.png_0.png,87
..\_tiles\T077_05.png_1.png,87
..\_tiles\T077_05.png_2.png,87
..\_tiles\T077_05.png_3.png,87
..\_tiles\T077_05.png_4.png,87
..\_tiles\T078_01.png_0.png,88
..\_tiles\T078_01.png_1.png,88
..\_tiles\T078_01.png_2.png,88
..\_tiles\T078_01.png_3.png,88
..\_tiles\T078_01.png_4.png,88
..\_tiles\T078_02.png_0.png,88
..\_tiles\T078_02.png_1.png,88
..\_tiles\T078_02.png_2.png,88
..\_tiles\T078_02.png_3.png,88
..\_tiles\T078_02.png_4.png,88
..\_tiles\T078_03.png_0.png,88
..\_tiles\T078_03.png_1.png,88
..\_tiles\T078_03.png_2.png,88
..\_tiles\T078_03.png_3.png,88
..\_tiles\T078_03.png_4.png,88
..\_tiles\T078_04.png_0.png,88
..\_tiles\T078_04.png_1.png,88
..\_tiles\T078_04.png_2.png,88
..\_tiles\T078_04.png_3.png,88
..\_tiles\T078_04.png_4.png,88
..\_tiles\T078_05.png_0.png,88
..\_tiles\T078_05.png_1.png,88
..\_tiles\T078_05.png_2.png,88
..\_tiles\T078_05.png_3.png,88
..\_tiles\T078_05.png_4.png,88
..\_tiles\T079_01.png_0.png,89
..\_tiles\T079_01.png_1.png,89
..\_tiles\T079_01.png_2.png,89
..\_tiles\T079_01.png_3.png,89
..\_tiles\T079_01.png_4.png,89
..\_tiles\T079_02.png_0.png,89
..\_tiles\T079_02.png_1.png,89
..\_tiles\T079_02.png_2.png,89
..\_tiles\T079_02.png_3.png,89
..\_tiles\T079_02.png_4.png,89
..\_tiles\T079_03.png_0.png,89
..\_tiles\T079_03.png_1.png,89
..\_tiles\T079_03.png_2.png,89
..\_tiles\T079_03.png_3.png,89
..\_tiles\T079_03.png_4.png,89
..\_tiles\T079_04.png_0.png,89
..\_tiles\T079_04.png_1.png,89
..\_tiles\T079_04.png_2.png,89
..\_tiles\T079_04.png_3.png,89
..\_tiles\T079_04.png_4.png,89
..\_tiles\T079_05.png_0.png,89
..\_tiles\T079_05.png_1.png,89
..\_tiles\T079_05.png_2.png,89
..\_tiles\T079_05.png_3.png,89
..\_tiles\T079_05.png_4.png,89
..\_tiles\T008_01.png_0.png,90
..\_tiles\T008_01.png_1.png,90
..\_tiles\T008_01.png_2.png,90
..\_tiles\T008_01.png_3.png,90
..\_tiles\T008_01.png_4.png,90
..\_tiles\T008_02.png_0.png,90
..\_tiles\T008_02.png_1.png,90
..\_tiles\T008_02.png_2.png,90
..\_tiles\T008_02.png_3.png,90
..\_tiles\T008_02.png_4.png,90
..\_tiles\T008_03.png_0.png,90
..\_tiles\T008_03.png_1.png,90
..\_tiles\T008_03.png_2.png,90
..\_tiles\T008_03.png_3.png,90
..\_tiles\T008_03.png_4.png,90
..\_tiles\T008_04.png_0.png,90
..\_tiles\T008_04.png_1.png,90
..\_tiles\T008_04.png_2.png,90
..\_tiles\T008_04.png_3.png,90
..\_tiles\T008_04.png_4.png,90
..\_tiles\T008_05.png_0.png,90
..\_tiles\T008_05.png_1.png,90
..\_tiles\T008_05.png_2.png,90
..\_tiles\T008_05.png_3.png,90
..\_tiles\T008_05.png_4.png,90
..\_tiles\T080_01.png_0.png,91
..\_tiles\T080_01.png_1.png,91
..\_tiles\T080_01.png_2.png,91
..\_tiles\T080_01.png_3.png,91
..\_tiles\T080_01.png_4.png,91
..\_tiles\T080_02.png_0.png,91
..\_tiles\T080_02.png_1.png,91
..\_tiles\T080_02.png_2.png,91
..\_tiles\T080_02.png_3.png,91
..\_tiles\T080_02.png_4.png,91
..\_tiles\T080_03.png_0.png,91
..\_tiles\T080_03.png_1.png,91
..\_tiles\T080_03.png_2.png,91
..\_tiles\T080_03.png_3.png,91
..\_tiles\T080_03.png_4.png,91
..\_tiles\T080_04.png_0.png,91
..\_tiles\T080_04.png_1.png,91
..\_tiles\T080_04.png_2.png,91
..\_tiles\T080_04.png_3.png,91
..\_tiles\T080_04.png_4.png,91
..\_tiles\T080_05.png_0.png,91
..\_tiles\T080_05.png_1.png,91
..\_tiles\T080_05.png_2.png,91
..\_tiles\T080_05.png_3.png,91
..\_tiles\T080_05.png_4.png,91
..\_tiles\T081_01.png_0.png,92
..\_tiles\T081_01.png_1.png,92
..\_tiles\T081_01.png_2.png,92
..\_tiles\T081_01.png_3.png,92
..\_tiles\T081_01.png_4.png,92
..\_tiles\T081_02.png_0.png,92
..\_tiles\T081_02.png_1.png,92
..\_tiles\T081_02.png_2.png,92
..\_tiles\T081_02.png_3.png,92
..\_tiles\T081_02.png_4.png,92
..\_tiles\T081_03.png_0.png,92
..\_tiles\T081_03.png_1.png,92
..\_tiles\T081_03.png_2.png,92
..\_tiles\T081_03.png_3.png,92
..\_tiles\T081_03.png_4.png,92
..\_tiles\T081_04.png_0.png,92
..\_tiles\T081_04.png_1.png,92
..\_tiles\T081_04.png_2.png,92
..\_tiles\T081_04.png_3.png,92
..\_tiles\T081_04.png_4.png,92
..\_tiles\T081_05.png_0.png,92
..\_tiles\T081_05.png_1.png,92
..\_tiles\T081_05.png_2.png,92
..\_tiles\T081_05.png_3.png,92
..\_tiles\T081_05.png_4.png,92
..\_tiles\T082_01.png_0.png,93
..\_tiles\T082_01.png_1.png,93
..\_tiles\T082_01.png_2.png,93
..\_tiles\T082_01.png_3.png,93
..\_tiles\T082_01.png_4.png,93
..\_tiles\T082_02.png_0.png,93
..\_tiles\T082_02.png_1.png,93
..\_tiles\T082_02.png_2.png,93
..\_tiles\T082_02.png_3.png,93
..\_tiles\T082_02.png_4.png,93
..\_tiles\T082_03.png_0.png,93
..\_tiles\T082_03.png_1.png,93
..\_tiles\T082_03.png_2.png,93
..\_tiles\T082_03.png_3.png,93
..\_tiles\T082_03.png_4.png,93
..\_tiles\T082_04.png_0.png,93
..\_tiles\T082_04.png_1.png,93
..\_tiles\T082_04.png_2.png,93
..\_tiles\T082_04.png_3.png,93
..\_tiles\T082_04.png_4.png,93
..\_tiles\T082_05.png_0.png,93
..\_tiles\T082_05.png_1.png,93
..\_tiles\T082_05.png_2.png,93
..\_tiles\T082_05.png_3.png,93
..\_tiles\T082_05.png_4.png,93
..\_tiles\T083_01.png_0.png,94
..\_tiles\T083_01.png_1.png,94
..\_tiles\T083_01.png_2.png,94
..\_tiles\T083_01.png_3.png,94
..\_tiles\T083_01.png_4.png,94
..\_tiles\T083_02.png_0.png,94
..\_tiles\T083_02.png_1.png,94
..\_tiles\T083_02.png_2.png,94
..\_tiles\T083_02.png_3.png,94
..\_tiles\T083_02.png_4.png,94
..\_tiles\T083_03.png_0.png,94
..\_tiles\T083_03.png_1.png,94
..\_tiles\T083_03.png_2.png,94
..\_tiles\T083_03.png_3.png,94
..\_tiles\T083_03.png_4.png,94
..\_tiles\T083_04.png_0.png,94
..\_tiles\T083_04.png_1.png,94
..\_tiles\T083_04.png_2.png,94
..\_tiles\T083_04.png_3.png,94
..\_tiles\T083_04.png_4.png,94
..\_tiles\T083_05.png_0.png,94
..\_tiles\T083_05.png_1.png,94
..\_tiles\T083_05.png_2.png,94
..\_tiles\T083_05.png_3.png,94
..\_tiles\T083_05.png_4.png,94
..\_tiles\T084_01.png_0.png,95
..\_tiles\T084_01.png_1.png,95
..\_tiles\T084_01.png_2.png,95
..\_tiles\T084_01.png_3.png,95
..\_tiles\T084_01.png_4.png,95
..\_tiles\T084_02.png_0.png,95
..\_tiles\T084_02.png_1.png,95
..\_tiles\T084_02.png_2.png,95
..\_tiles\T084_02.png_3.png,95
..\_tiles\T084_02.png_4.png,95
..\_tiles\T084_03.png_0.png,95
..\_tiles\T084_03.png_1.png,95
..\_tiles\T084_03.png_2.png,95
..\_tiles\T084_03.png_3.png,95
..\_tiles\T084_03.png_4.png,95
..\_tiles\T084_04.png_0.png,95
..\_tiles\T084_04.png_1.png,95
..\_tiles\T084_04.png_2.png,95
..\_tiles\T084_04.png_3.png,95
..\_tiles\T084_04.png_4.png,95
..\_tiles\T084_05.png_0.png,95
..\_tiles\T084_05.png_1.png,95
..\_tiles\T084_05.png_2.png,95
..\_tiles\T084_05.png_3.png,95
..\_tiles\T084_05.png_4.png,95
..\_tiles\T085_01.png_0.png,96
..\_tiles\T085_01.png_1.png,96
..\_tiles\T085_01.png_2.png,96
..\_tiles\T085_01.png_3.png,96
..\_tiles\T085_01.png_4.png,96
..\_tiles\T085_02.png_0.png,96
..\_tiles\T085_02.png_1.png,96
..\_tiles\T085_02.png_2.png,96
..\_tiles\T085_02.png_3.png,96
..\_tiles\T085_02.png_4.png,96
..\_tiles\T085_03.png_0.png,96
..\_tiles\T085_03.png_1.png,96
..\_tiles\T085_03.png_2.png,96
..\_tiles\T085_03.png_3.png,96
..\_tiles\T085_03.png_4.png,96
..\_tiles\T085_04.png_0.png,96
..\_tiles\T085_04.png_1.png,96
..\_tiles\T085_04.png_2.png,96
..\_tiles\T085_04.png_3.png,96
..\_tiles\T085_04.png_4.png,96
..\_tiles\T085_05.png_0.png,96
..\_tiles\T085_05.png_1.png,96
..\_tiles\T085_05.png_2.png,96
..\_tiles\T085_05.png_3.png,96
..\_tiles\T085_05.png_4.png,96
..\_tiles\T086_01.png_0.png,97
..\_tiles\T086_01.png_1.png,97
..\_tiles\T086_01.png_2.png,97
..\_tiles\T086_01.png_3.png,97
..\_tiles\T086_01.png_4.png,97
..\_tiles\T086_02.png_0.png,97
..\_tiles\T086_02.png_1.png,97
..\_tiles\T086_02.png_2.png,97
..\_tiles\T086_02.png_3.png,97
..\_tiles\T086_02.png_4.png,97
..\_tiles\T086_03.png_0.png,97
..\_tiles\T086_03.png_1.png,97
..\_tiles\T086_03.png_2.png,97
..\_tiles\T086_03.png_3.png,97
..\_tiles\T086_03.png_4.png,97
..\_tiles\T086_04.png_0.png,97
..\_tiles\T086_04.png_1.png,97
..\_tiles\T086_04.png_2.png,97
..\_tiles\T086_04.png_3.png,97
..\_tiles\T086_04.png_4.png,97
..\_tiles\T086_05.png_0.png,97
..\_tiles\T086_05.png_1.png,97
..\_tiles\T086_05.png_2.png,97
..\_tiles\T086_05.png_3.png,97
..\_tiles\T086_05.png_4.png,97
..\_tiles\T087_01.png_0.png,98
..\_tiles\T087_01.png_1.png,98
..\_tiles\T087_01.png_2.png,98
..\_tiles\T087_01.png_3.png,98
..\_tiles\T087_01.png_4.png,98
..\_tiles\T087_02.png_0.png,98
..\_tiles\T087_02.png_1.png,98
..\_tiles\T087_02.png_2.png,98
..\_tiles\T087_02.png_3.png,98
..\_tiles\T087_02.png_4.png,98
..\_tiles\T087_03.png_0.png,98
..\_tiles\T087_03.png_1.png,98
..\_tiles\T087_03.png_2.png,98
..\_tiles\T087_03.png_3.png,98
..\_tiles\T087_03.png_4.png,98
..\_tiles\T087_04.png_0.png,98
..\_tiles\T087_04.png_1.png,98
..\_tiles\T087_04.png_2.png,98
..\_tiles\T087_04.png_3.png,98
..\_tiles\T087_04.png_4.png,98
..\_tiles\T087_05.png_0.png,98
..\_tiles\T087_05.png_1.png,98
..\_tiles\T087_05.png_2.png,98
..\_tiles\T087_05.png_3.png,98
..\_tiles\T087_05.png_4.png,98
..\_tiles\T088_01.png_0.png,99
..\_tiles\T088_01.png_1.png,99
..\_tiles\T088_01.png_2.png,99
..\_tiles\T088_01.png_3.png,99
..\_tiles\T088_01.png_4.png,99
..\_tiles\T088_02.png_0.png,99
..\_tiles\T088_02.png_1.png,99
..\_tiles\T088_02.png_2.png,99
..\_tiles\T088_02.png_3.png,99
..\_tiles\T088_02.png_4.png,99
..\_tiles\T088_03.png_0.png,99
..\_tiles\T088_03.png_1.png,99
..\_tiles\T088_03.png_2.png,99
..\_tiles\T088_03.png_3.png,99
..\_tiles\T088_03.png_4.png,99
..\_tiles\T088_04.png_0.png,99
..\_tiles\T088_04.png_1.png,99
..\_tiles\T088_04.png_2.png,99
..\_tiles\T088_04.png_3.png,99
..\_tiles\T088_04.png_4.png,99
..\_tiles\T088_05.png_0.png,99
..\_tiles\T088_05.png_1.png,99
..\_tiles\T088_05.png_2.png,99
..\_tiles\T088_05.png_3.png,99
..\_tiles\T088_05.png_4.png,99
..\_tiles\T089_01.png_0.png,100
..\_tiles\T089_01.png_1.png,100
..\_tiles\T089_01.png_2.png,100
..\_tiles\T089_01.png_3.png,100
..\_tiles\T089_01.png_4.png,100
..\_tiles\T089_02.png_0.png,100
..\_tiles\T089_02.png_1.png,100
..\_tiles\T089_02.png_2.png,100
..\_tiles\T089_02.png_3.png,100
..\_tiles\T089_02.png_4.png,100
..\_tiles\T089_03.png_0.png,100
..\_tiles\T089_03.png_1.png,100
..\_tiles\T089_03.png_2.png,100
..\_tiles\T089_03.png_3.png,100
..\_tiles\T089_03.png_4.png,100
..\_tiles\T089_04.png_0.png,100
..\_tiles\T089_04.png_1.png,100
..\_tiles\T089_04.png_2.png,100
..\_tiles\T089_04.png_3.png,100
..\_tiles\T089_04.png_4.png,100
..\_tiles\T089_05.png_0.png,100
..\_tiles\T089_05.png_1.png,100
..\_tiles\T089_05.png_2.png,100
..\_tiles\T089_05.png_3.png,100
..\_tiles\T089_05.png_4.png,100
..\_tiles\T009_01.png_0.png,101
..\_tiles\T009_01.png_1.png,101
..\_tiles\T009_01.png_2.png,101
..\_tiles\T009_01.png_3.png,101
..\_tiles\T009_01.png_4.png,101
..\_tiles\T009_02.png_0.png,101
..\_tiles\T009_02.png_1.png,101
..\_tiles\T009_02.png_2.png,101
..\_tiles\T009_02.png_3.png,101
..\_tiles\T009_02.png_4.png,101
..\_tiles\T009_03.png_0.png,101
..\_tiles\T009_03.png_1.png,101
..\_tiles\T009_03.png_2.png,101
..\_tiles\T009_03.png_3.png,101
..\_tiles\T009_03.png_4.png,101
..\_tiles\T009_04.png_0.png,101
..\_tiles\T009_04.png_1.png,101
..\_tiles\T009_04.png_2.png,101
..\_tiles\T009_04.png_3.png,101
..\_tiles\T009_04.png_4.png,101
..\_tiles\T009_05.png_0.png,101
..\_tiles\T009_05.png_1.png,101
..\_tiles\T009_05.png_2.png,101
..\_tiles\T009_05.png_3.png,101
..\_tiles\T009_05.png_4.png,101
..\_tiles\T090_01.png_0.png,102
..\_tiles\T090_01.png_1.png,102
..\_tiles\T090_01.png_2.png,102
..\_tiles\T090_01.png_3.png,102
..\_tiles\T090_01.png_4.png,102
..\_tiles\T090_02.png_0.png,102
..\_tiles\T090_02.png_1.png,102
..\_tiles\T090_02.png_2.png,102
..\_tiles\T090_02.png_3.png,102
..\_tiles\T090_02.png_4.png,102
..\_tiles\T090_03.png_0.png,102
..\_tiles\T090_03.png_1.png,102
..\_tiles\T090_03.png_2.png,102
..\_tiles\T090_03.png_3.png,102
..\_tiles\T090_03.png_4.png,102
..\_tiles\T090_04.png_0.png,102
..\_tiles\T090_04.png_1.png,102
..\_tiles\T090_04.png_2.png,102
..\_tiles\T090_04.png_3.png,102
..\_tiles\T090_04.png_4.png,102
..\_tiles\T090_05.png_0.png,102
..\_tiles\T090_05.png_1.png,102
..\_tiles\T090_05.png_2.png,102
..\_tiles\T090_05.png_3.png,102
..\_tiles\T090_05.png_4.png,102
..\_tiles\T091_01.png_0.png,103
..\_tiles\T091_01.png_1.png,103
..\_tiles\T091_01.png_2.png,103
..\_tiles\T091_01.png_3.png,103
..\_tiles\T091_01.png_4.png,103
..\_tiles\T091_02.png_0.png,103
..\_tiles\T091_02.png_1.png,103
..\_tiles\T091_02.png_2.png,103
..\_tiles\T091_02.png_3.png,103
..\_tiles\T091_02.png_4.png,103
..\_tiles\T091_03.png_0.png,103
..\_tiles\T091_03.png_1.png,103
..\_tiles\T091_03.png_2.png,103
..\_tiles\T091_03.png_3.png,103
..\_tiles\T091_03.png_4.png,103
..\_tiles\T091_04.png_0.png,103
..\_tiles\T091_04.png_1.png,103
..\_tiles\T091_04.png_2.png,103
..\_tiles\T091_04.png_3.png,103
..\_tiles\T091_04.png_4.png,103
..\_tiles\T091_05.png_0.png,103
..\_tiles\T091_05.png_1.png,103
..\_tiles\T091_05.png_2.png,103
..\_tiles\T091_05.png_3.png,103
..\_tiles\T091_05.png_4.png,103
..\_tiles\T092_01.png_0.png,104
..\_tiles\T092_01.png_1.png,104
..\_tiles\T092_01.png_2.png,104
..\_tiles\T092_01.png_3.png,104
..\_tiles\T092_01.png_4.png,104
..\_tiles\T092_02.png_0.png,104
..\_tiles\T092_02.png_1.png,104
..\_tiles\T092_02.png_2.png,104
..\_tiles\T092_02.png_3.png,104
..\_tiles\T092_02.png_4.png,104
..\_tiles\T092_03.png_0.png,104
..\_tiles\T092_03.png_1.png,104
..\_tiles\T092_03.png_2.png,104
..\_tiles\T092_03.png_3.png,104
..\_tiles\T092_03.png_4.png,104
..\_tiles\T092_04.png_0.png,104
..\_tiles\T092_04.png_1.png,104
..\_tiles\T092_04.png_2.png,104
..\_tiles\T092_04.png_3.png,104
..\_tiles\T092_04.png_4.png,104
..\_tiles\T092_05.png_0.png,104
..\_tiles\T092_05.png_1.png,104
..\_tiles\T092_05.png_2.png,104
..\_tiles\T092_05.png_3.png,104
..\_tiles\T092_05.png_4.png,104
..\_tiles\T093_01.png_0.png,105
..\_tiles\T093_01.png_1.png,105
..\_tiles\T093_01.png_2.png,105
..\_tiles\T093_01.png_3.png,105
..\_tiles\T093_01.png_4.png,105
..\_tiles\T093_02.png_0.png,105
..\_tiles\T093_02.png_1.png,105
..\_tiles\T093_02.png_2.png,105
..\_tiles\T093_02.png_3.png,105
..\_tiles\T093_02.png_4.png,105
..\_tiles\T093_03.png_0.png,105
..\_tiles\T093_03.png_1.png,105
..\_tiles\T093_03.png_2.png,105
..\_tiles\T093_03.png_3.png,105
..\_tiles\T093_03.png_4.png,105
..\_tiles\T093_04.png_0.png,105
..\_tiles\T093_04.png_1.png,105
..\_tiles\T093_04.png_2.png,105
..\_tiles\T093_04.png_3.png,105
..\_tiles\T093_04.png_4.png,105
..\_tiles\T093_05.png_0.png,105
..\_tiles\T093_05.png_1.png,105
..\_tiles\T093_05.png_2.png,105
..\_tiles\T093_05.png_3.png,105
..\_tiles\T093_05.png_4.png,105
..\_tiles\T094_01.png_0.png,106
..\_tiles\T094_01.png_1.png,106
..\_tiles\T094_01.png_2.png,106
..\_tiles\T094_01.png_3.png,106
..\_tiles\T094_01.png_4.png,106
..\_tiles\T094_02.png_0.png,106
..\_tiles\T094_02.png_1.png,106
..\_tiles\T094_02.png_2.png,106
..\_tiles\T094_02.png_3.png,106
..\_tiles\T094_02.png_4.png,106
..\_tiles\T094_03.png_0.png,106
..\_tiles\T094_03.png_1.png,106
..\_tiles\T094_03.png_2.png,106
..\_tiles\T094_03.png_3.png,106
..\_tiles\T094_03.png_4.png,106
..\_tiles\T094_04.png_0.png,106
..\_tiles\T094_04.png_1.png,106
..\_tiles\T094_04.png_2.png,106
..\_tiles\T094_04.png_3.png,106
..\_tiles\T094_04.png_4.png,106
..\_tiles\T094_05.png_0.png,106
..\_tiles\T094_05.png_1.png,106
..\_tiles\T094_05.png_2.png,106
..\_tiles\T094_05.png_3.png,106
..\_tiles\T094_05.png_4.png,106
..\_tiles\T095_01.png_0.png,107
..\_tiles\T095_01.png_1.png,107
..\_tiles\T095_01.png_2.png,107
..\_tiles\T095_01.png_3.png,107
..\_tiles\T095_01.png_4.png,107
..\_tiles\T095_02.png_0.png,107
..\_tiles\T095_02.png_1.png,107
..\_tiles\T095_02.png_2.png,107
..\_tiles\T095_02.png_3.png,107
..\_tiles\T095_02.png_4.png,107
..\_tiles\T095_03.png_0.png,107
..\_tiles\T095_03.png_1.png,107
..\_tiles\T095_03.png_2.png,107
..\_tiles\T095_03.png_3.png,107
..\_tiles\T095_03.png_4.png,107
..\_tiles\T095_04.png_0.png,107
..\_tiles\T095_04.png_1.png,107
..\_tiles\T095_04.png_2.png,107
..\_tiles\T095_04.png_3.png,107
..\_tiles\T095_04.png_4.png,107
..\_tiles\T095_05.png_0.png,107
..\_tiles\T095_05.png_1.png,107
..\_tiles\T095_05.png_2.png,107
..\_tiles\T095_05.png_3.png,107
..\_tiles\T095_05.png_4.png,107
..\_tiles\T096_01.png_0.png,108
..\_tiles\T096_01.png_1.png,108
..\_tiles\T096_01.png_2.png,108
..\_tiles\T096_01.png_3.png,108
..\_tiles\T096_01.png_4.png,108
..\_tiles\T096_02.png_0.png,108
..\_tiles\T096_02.png_1.png,108
..\_tiles\T096_02.png_2.png,108
..\_tiles\T096_02.png_3.png,108
..\_tiles\T096_02.png_4.png,108
..\_tiles\T096_03.png_0.png,108
..\_tiles\T096_03.png_1.png,108
..\_tiles\T096_03.png_2.png,108
..\_tiles\T096_03.png_3.png,108
..\_tiles\T096_03.png_4.png,108
..\_tiles\T096_04.png_0.png,108
..\_tiles\T096_04.png_1.png,108
..\_tiles\T096_04.png_2.png,108
..\_tiles\T096_04.png_3.png,108
..\_tiles\T096_04.png_4.png,108
..\_tiles\T096_05.png_0.png,108
..\_tiles\T096_05.png_1.png,108
..\_tiles\T096_05.png_2.png,108
..\_tiles\T096_05.png_3.png,108
..\_tiles\T096_05.png_4.png,108
..\_tiles\T097_01.png_0.png,109
..\_tiles\T097_01.png_1.png,109
..\_tiles\T097_01.png_2.png,109
..\_tiles\T097_01.png_3.png,109
..\_tiles\T097_01.png_4.png,109
..\_tiles\T097_02.png_0.png,109
..\_tiles\T097_02.png_1.png,109
..\_tiles\T097_02.png_2.png,109
..\_tiles\T097_02.png_3.png,109
..\_tiles\T097_02.png_4.png,109
..\_tiles\T097_03.png_0.png,109
..\_tiles\T097_03.png_1.png,109
..\_tiles\T097_03.png_2.png,109
..\_tiles\T097_03.png_3.png,109
..\_tiles\T097_03.png_4.png,109
..\_tiles\T097_04.png_0.png,109
..\_tiles\T097_04.png_1.png,109
..\_tiles\T097_04.png_2.png,109
..\_tiles\T097_04.png_3.png,109
..\_tiles\T097_04.png_4.png,109
..\_tiles\T097_05.png_0.png,109
..\_tiles\T097_05.png_1.png,109
..\_tiles\T097_05.png_2.png,109
..\_tiles\T097_05.png_3.png,109
..\_tiles\T097_05.png_4.png,109
..\_tiles\T098_01.png_0.png,110
..\_tiles\T098_01.png_1.png,110
..\_tiles\T098_01.png_2.png,110
..\_tiles\T098_01.png_3.png,110
..\_tiles\T098_01.png_4.png,110
..\_tiles\T098_02.png_0.png,110
..\_tiles\T098_02.png_1.png,110
..\_tiles\T098_02.png_2.png,110
..\_tiles\T098_02.png_3.png,110
..\_tiles\T098_02.png_4.png,110
..\_tiles\T098_03.png_0.png,110
..\_tiles\T098_03.png_1.png,110
..\_tiles\T098_03.png_2.png,110
..\_tiles\T098_03.png_3.png,110
..\_tiles\T098_03.png_4.png,110
..\_tiles\T098_04.png_0.png,110
..\_tiles\T098_04.png_1.png,110
..\_tiles\T098_04.png_2.png,110
..\_tiles\T098_04.png_3.png,110
..\_tiles\T098_04.png_4.png,110
..\_tiles\T098_05.png_0.png,110
..\_tiles\T098_05.png_1.png,110
..\_tiles\T098_05.png_2.png,110
..\_tiles\T098_05.png_3.png,110
..\_tiles\T098_05.png_4.png,110
..\_tiles\T099_01.png_0.png,111
..\_tiles\T099_01.png_1.png,111
..\_tiles\T099_01.png_2.png,111
..\_tiles\T099_01.png_3.png,111
..\_tiles\T099_01.png_4.png,111
..\_tiles\T099_02.png_0.png,111
..\_tiles\T099_02.png_1.png,111
..\_tiles\T099_02.png_2.png,111
..\_tiles\T099_02.png_3.png,111
..\_tiles\T099_02.png_4.png,111
..\_tiles\T099_03.png_0.png,111
..\_tiles\T099_03.png_1.png,111
..\_tiles\T099_03.png_2.png,111
..\_tiles\T099_03.png_3.png,111
..\_tiles\T099_03.png_4.png,111
..\_tiles\T099_04.png_0.png,111
..\_tiles\T099_04.png_1.png,111
..\_tiles\T099_04.png_2.png,111
..\_tiles\T099_04.png_3.png,111
..\_tiles\T099_04.png_4.png,111
..\_tiles\T099_05.png_0.png,111
..\_tiles\T099_05.png_1.png,111
..\_tiles\T099_05.png_2.png,111
..\_tiles\T099_05.png_3.png,111
..\_tiles\T099_05.png_4.png,111
